source_label,tier,priority,league_id,league_name,league_season,country_name,team_id,team_name,overall_promotion,overall_league_position,overall_league_payed,overall_league_W,overall_league_D,overall_league_L,overall_league_GF,overall_league_GA,overall_league_PTS,home_league_position,home_promotion,home_league_payed,home_league_W,home_league_D,home_league_L,home_league_GF,home_league_GA,home_league_PTS,away_league_position,away_promotion,away_league_payed,away_league_W,away_league_D,away_league_L,away_league_GF,away_league_GA,away_league_PTS,league_round,team_badge,fk_stage_key,stage_name
FIFA World Cup,international,1,28,World Cup,2026,Worldcup,13,Czech Republic,Promotion - World Championship (Play Offs),1,0,0,0,0,0,0,0,,,,,,,,,,,,,,,,,,,Group A,https://apiv3.apifootball.com/badges/13_czechia.jpg,455,Group Stage
FIFA World Cup,international,1,28,World Cup,2026,Worldcup,511,Mexico,Promotion - World Championship (Play Offs),2,0,0,0,0,0,0,0,,,,,,,,,,,,,,,,,,,Group A,https://apiv3.apifootball.com/badges/511_mexico.jpg,455,Group Stage
FIFA World Cup,international,1,28,World Cup,2026,Worldcup,726,South Africa,Ranking of third-placed teams,3,0,0,0,0,0,0,0,,,,,,,,,,,,,,,,,,,Group A,https://apiv3.apifootball.com/badges/726_south-africa.jpg,455,Group Stage
FIFA World Cup,international,1,28,World Cup,2026,Worldcup,651,South Korea,,4,0,0,0,0,0,0,0,,,,,,,,,,,,,,,,,,,Group A,https://apiv3.apifootball.com/badges/651_korea-republic.jpg,455,Group Stage
FIFA World Cup,international,1,28,World Cup,2026,Worldcup,2,Switzerland,Promotion - World Championship (Play Offs),1,0,0,0,0,0,0,0,,,,,,,,,,,,,,,,,,,Group B,https://apiv3.apifootball.com/badges/2_switzerland.jpg,455,Group Stage
FIFA World Cup,international,1,28,World Cup,2026,Worldcup,685,Bosnia & Herzegovina,Promotion - World Championship (Play Offs),2,0,0,0,0,0,0,0,,,,,,,,,,,,,,,,,,,Group B,https://apiv3.apifootball.com/badges/685_bosnia-herzegovina.jpg,455,Group Stage
FIFA World Cup,international,1,28,World Cup,2026,Worldcup,512,Canada,Ranking of third-placed teams,3,0,0,0,0,0,0,0,,,,,,,,,,,,,,,,,,,Group B,https://apiv3.apifootball.com/badges/512_canada.jpg,455,Group Stage
FIFA World Cup,international,1,28,World Cup,2026,Worldcup,538,Qatar,,4,0,0,0,0,0,0,0,,,,,,,,,,,,,,,,,,,Group B,https://apiv3.apifootball.com/badges/538_qatar.jpg,455,Group Stage
FIFA World Cup,international,1,28,World Cup,2026,Worldcup,15,Scotland,Promotion - World Championship (Play Offs),1,0,0,0,0,0,0,0,,,,,,,,,,,,,,,,,,,Group C,https://apiv3.apifootball.com/badges/15_scotland.jpg,455,Group Stage
FIFA World Cup,international,1,28,World Cup,2026,Worldcup,531,Brazil,Promotion - World Championship (Play Offs),2,0,0,0,0,0,0,0,,,,,,,,,,,,,,,,,,,Group C,https://apiv3.apifootball.com/badges/531_brazil.jpg,455,Group Stage
FIFA World Cup,international,1,28,World Cup,2026,Worldcup,515,Haiti,Ranking of third-placed teams,3,0,0,0,0,0,0,0,,,,,,,,,,,,,,,,,,,Group C,https://apiv3.apifootball.com/badges/515_haiti.jpg,455,Group Stage
FIFA World Cup,international,1,28,World Cup,2026,Worldcup,717,Morocco,,4,0,0,0,0,0,0,0,,,,,,,,,,,,,,,,,,,Group C,https://apiv3.apifootball.com/badges/717_morocco.jpg,455,Group Stage
FIFA World Cup,international,1,28,World Cup,2026,Worldcup,1,Turkey,Promotion - World Championship (Play Offs),1,0,0,0,0,0,0,0,,,,,,,,,,,,,,,,,,,Group D,https://apiv3.apifootball.com/badges/1_turkiye.jpg,455,Group Stage
FIFA World Cup,international,1,28,World Cup,2026,Worldcup,537,Paraguay,Promotion - World Championship (Play Offs),2,0,0,0,0,0,0,0,,,,,,,,,,,,,,,,,,,Group D,https://apiv3.apifootball.com/badges/537_paraguay.jpg,455,Group Stage
FIFA World Cup,international,1,28,World Cup,2026,Worldcup,523,USA,Ranking of third-placed teams,3,0,0,0,0,0,0,0,,,,,,,,,,,,,,,,,,,Group D,https://apiv3.apifootball.com/badges/523_united-states.jpg,455,Group Stage
FIFA World Cup,international,1,28,World Cup,2026,Worldcup,529,Australia,,4,0,0,0,0,0,0,0,,,,,,,,,,,,,,,,,,,Group D,https://apiv3.apifootball.com/badges/529_australia.jpg,455,Group Stage
FIFA World Cup,international,1,28,World Cup,2026,Worldcup,21,Germany,Promotion - World Championship (Play Offs),1,0,0,0,0,0,0,0,,,,,,,,,,,,,,,,,,,Group E,https://apiv3.apifootball.com/badges/21_germany.jpg,455,Group Stage
FIFA World Cup,international,1,28,World Cup,2026,Worldcup,541,Ecuador,Promotion - World Championship (Play Offs),2,0,0,0,0,0,0,0,,,,,,,,,,,,,,,,,,,Group E,https://apiv3.apifootball.com/badges/541_ecuador.jpg,455,Group Stage
FIFA World Cup,international,1,28,World Cup,2026,Worldcup,738,Ivory Coast,Ranking of third-placed teams,3,0,0,0,0,0,0,0,,,,,,,,,,,,,,,,,,,Group E,https://apiv3.apifootball.com/badges/738_ivory-coast.jpg,455,Group Stage
FIFA World Cup,international,1,28,World Cup,2026,Worldcup,520,Curacao,,4,0,0,0,0,0,0,0,,,,,,,,,,,,,,,,,,,Group E,https://apiv3.apifootball.com/badges/520_curacao.jpg,455,Group Stage
FIFA World Cup,international,1,28,World Cup,2026,Worldcup,17,Sweden,Promotion - World Championship (Play Offs),1,0,0,0,0,0,0,0,,,,,,,,,,,,,,,,,,,Group F,https://apiv3.apifootball.com/badges/17_sweden.jpg,455,Group Stage
FIFA World Cup,international,1,28,World Cup,2026,Worldcup,10,Netherlands,Promotion - World Championship (Play Offs),2,0,0,0,0,0,0,0,,,,,,,,,,,,,,,,,,,Group F,https://apiv3.apifootball.com/badges/10_netherlands.jpg,455,Group Stage
FIFA World Cup,international,1,28,World Cup,2026,Worldcup,719,Tunisia,Ranking of third-placed teams,3,0,0,0,0,0,0,0,,,,,,,,,,,,,,,,,,,Group F,https://apiv3.apifootball.com/badges/719_tunisia.jpg,455,Group Stage
FIFA World Cup,international,1,28,World Cup,2026,Worldcup,540,Japan,,4,0,0,0,0,0,0,0,,,,,,,,,,,,,,,,,,,Group F,https://apiv3.apifootball.com/badges/540_japan.jpg,455,Group Stage
FIFA World Cup,international,1,28,World Cup,2026,Worldcup,6,Belgium,Promotion - World Championship (Play Offs),1,0,0,0,0,0,0,0,,,,,,,,,,,,,,,,,,,Group G,https://apiv3.apifootball.com/badges/6_belgium.jpg,455,Group Stage
FIFA World Cup,international,1,28,World Cup,2026,Worldcup,716,Egypt,Promotion - World Championship (Play Offs),2,0,0,0,0,0,0,0,,,,,,,,,,,,,,,,,,,Group G,https://apiv3.apifootball.com/badges/716_egypt.jpg,455,Group Stage
FIFA World Cup,international,1,28,World Cup,2026,Worldcup,644,Iran,Ranking of third-placed teams,3,0,0,0,0,0,0,0,,,,,,,,,,,,,,,,,,,Group G,https://apiv3.apifootball.com/badges/644_ir-iran.jpg,455,Group Stage
FIFA World Cup,international,1,28,World Cup,2026,Worldcup,527,New Zealand,,4,0,0,0,0,0,0,0,,,,,,,,,,,,,,,,,,,Group G,https://apiv3.apifootball.com/badges/527_new-zealand.jpg,455,Group Stage
FIFA World Cup,international,1,28,World Cup,2026,Worldcup,19,Spain,Promotion - World Championship (Play Offs),1,0,0,0,0,0,0,0,,,,,,,,,,,,,,,,,,,Group H,https://apiv3.apifootball.com/badges/19_spain.jpg,455,Group Stage
FIFA World Cup,international,1,28,World Cup,2026,Worldcup,539,Uruguay,Promotion - World Championship (Play Offs),2,0,0,0,0,0,0,0,,,,,,,,,,,,,,,,,,,Group H,https://apiv3.apifootball.com/badges/539_uruguay.jpg,455,Group Stage
FIFA World Cup,international,1,28,World Cup,2026,Worldcup,732,Cape Verde,Ranking of third-placed teams,3,0,0,0,0,0,0,0,,,,,,,,,,,,,,,,,,,Group H,https://apiv3.apifootball.com/badges/732_cabo-verde.jpg,455,Group Stage
FIFA World Cup,international,1,28,World Cup,2026,Worldcup,647,Saudi Arabia,,4,0,0,0,0,0,0,0,,,,,,,,,,,,,,,,,,,Group H,https://apiv3.apifootball.com/badges/647_saudi-arabia.jpg,455,Group Stage
FIFA World Cup,international,1,28,World Cup,2026,Worldcup,22,France,Promotion - World Championship (Play Offs),1,0,0,0,0,0,0,0,,,,,,,,,,,,,,,,,,,Group I,https://apiv3.apifootball.com/badges/22_france.jpg,455,Group Stage
FIFA World Cup,international,1,28,World Cup,2026,Worldcup,692,Norway,Promotion - World Championship (Play Offs),2,0,0,0,0,0,0,0,,,,,,,,,,,,,,,,,,,Group I,https://apiv3.apifootball.com/badges/692_norway.jpg,455,Group Stage
FIFA World Cup,international,1,28,World Cup,2026,Worldcup,720,Senegal,Ranking of third-placed teams,3,0,0,0,0,0,0,0,,,,,,,,,,,,,,,,,,,Group I,https://apiv3.apifootball.com/badges/720_senegal.jpg,455,Group Stage
FIFA World Cup,international,1,28,World Cup,2026,Worldcup,642,Iraq,,4,0,0,0,0,0,0,0,,,,,,,,,,,,,,,,,,,Group I,https://apiv3.apifootball.com/badges/642_iraq.jpg,455,Group Stage
FIFA World Cup,international,1,28,World Cup,2026,Worldcup,9,Austria,Promotion - World Championship (Play Offs),1,0,0,0,0,0,0,0,,,,,,,,,,,,,,,,,,,Group J,https://apiv3.apifootball.com/badges/9_austria.jpg,455,Group Stage
FIFA World Cup,international,1,28,World Cup,2026,Worldcup,536,Argentina,Promotion - World Championship (Play Offs),2,0,0,0,0,0,0,0,,,,,,,,,,,,,,,,,,,Group J,https://apiv3.apifootball.com/badges/536_argentina.jpg,455,Group Stage
FIFA World Cup,international,1,28,World Cup,2026,Worldcup,734,Algeria,Ranking of third-placed teams,3,0,0,0,0,0,0,0,,,,,,,,,,,,,,,,,,,Group J,https://apiv3.apifootball.com/badges/734_algeria.jpg,455,Group Stage
FIFA World Cup,international,1,28,World Cup,2026,Worldcup,641,Jordan,,4,0,0,0,0,0,0,0,,,,,,,,,,,,,,,,,,,Group J,https://apiv3.apifootball.com/badges/641_jordan.jpg,455,Group Stage
FIFA World Cup,international,1,28,World Cup,2026,Worldcup,23,Portugal,Promotion - World Championship (Play Offs),1,0,0,0,0,0,0,0,,,,,,,,,,,,,,,,,,,Group K,https://apiv3.apifootball.com/badges/23_portugal.jpg,455,Group Stage
FIFA World Cup,international,1,28,World Cup,2026,Worldcup,535,Colombia,Promotion - World Championship (Play Offs),2,0,0,0,0,0,0,0,,,,,,,,,,,,,,,,,,,Group K,https://apiv3.apifootball.com/badges/535_colombia.jpg,455,Group Stage
FIFA World Cup,international,1,28,World Cup,2026,Worldcup,728,D.R. Congo,Ranking of third-placed teams,3,0,0,0,0,0,0,0,,,,,,,,,,,,,,,,,,,Group K,https://apiv3.apifootball.com/badges/728_congo-dr.jpg,455,Group Stage
FIFA World Cup,international,1,28,World Cup,2026,Worldcup,646,Uzbekistan,,4,0,0,0,0,0,0,0,,,,,,,,,,,,,,,,,,,Group K,https://apiv3.apifootball.com/badges/646_uzbekistan.jpg,455,Group Stage
FIFA World Cup,international,1,28,World Cup,2026,Worldcup,14,Croatia,Promotion - World Championship (Play Offs),1,0,0,0,0,0,0,0,,,,,,,,,,,,,,,,,,,Group L,https://apiv3.apifootball.com/badges/14_croatia.jpg,455,Group Stage
FIFA World Cup,international,1,28,World Cup,2026,Worldcup,16,England,Promotion - World Championship (Play Offs),2,0,0,0,0,0,0,0,,,,,,,,,,,,,,,,,,,Group L,https://apiv3.apifootball.com/badges/16_england.jpg,455,Group Stage
FIFA World Cup,international,1,28,World Cup,2026,Worldcup,725,Ghana,Ranking of third-placed teams,3,0,0,0,0,0,0,0,,,,,,,,,,,,,,,,,,,Group L,https://apiv3.apifootball.com/badges/725_ghana.jpg,455,Group Stage
FIFA World Cup,international,1,28,World Cup,2026,Worldcup,524,Panama,,4,0,0,0,0,0,0,0,,,,,,,,,,,,,,,,,,,Group L,https://apiv3.apifootball.com/badges/524_panama.jpg,455,Group Stage
FIFA World Cup,international,1,28,World Cup,2026,Worldcup,523,USA,Promotion - World Championship (Play Offs),1,0,0,0,0,0,0,0,,,,,,,,,,,,,,,,,,,Ranking of third-placed teams,https://apiv3.apifootball.com/badges/523_united-states.jpg,455,Group Stage
FIFA World Cup,international,1,28,World Cup,2026,Worldcup,512,Canada,Promotion - World Championship (Play Offs),2,0,0,0,0,0,0,0,,,,,,,,,,,,,,,,,,,Ranking of third-placed teams,https://apiv3.apifootball.com/badges/512_canada.jpg,455,Group Stage
FIFA World Cup,international,1,28,World Cup,2026,Worldcup,515,Haiti,Promotion - World Championship (Play Offs),3,0,0,0,0,0,0,0,,,,,,,,,,,,,,,,,,,Ranking of third-placed teams,https://apiv3.apifootball.com/badges/515_haiti.jpg,455,Group Stage
FIFA World Cup,international,1,28,World Cup,2026,Worldcup,734,Algeria,Promotion - World Championship (Play Offs),4,0,0,0,0,0,0,0,,,,,,,,,,,,,,,,,,,Ranking of third-placed teams,https://apiv3.apifootball.com/badges/734_algeria.jpg,455,Group Stage
FIFA World Cup,international,1,28,World Cup,2026,Worldcup,720,Senegal,Promotion - World Championship (Play Offs),5,0,0,0,0,0,0,0,,,,,,,,,,,,,,,,,,,Ranking of third-placed teams,https://apiv3.apifootball.com/badges/720_senegal.jpg,455,Group Stage
FIFA World Cup,international,1,28,World Cup,2026,Worldcup,725,Ghana,Promotion - World Championship (Play Offs),6,0,0,0,0,0,0,0,,,,,,,,,,,,,,,,,,,Ranking of third-placed teams,https://apiv3.apifootball.com/badges/725_ghana.jpg,455,Group Stage
FIFA World Cup,international,1,28,World Cup,2026,Worldcup,726,South Africa,Promotion - World Championship (Play Offs),7,0,0,0,0,0,0,0,,,,,,,,,,,,,,,,,,,Ranking of third-placed teams,https://apiv3.apifootball.com/badges/726_south-africa.jpg,455,Group Stage
FIFA World Cup,international,1,28,World Cup,2026,Worldcup,732,Cape Verde,Promotion - World Championship (Play Offs),8,0,0,0,0,0,0,0,,,,,,,,,,,,,,,,,,,Ranking of third-placed teams,https://apiv3.apifootball.com/badges/732_cabo-verde.jpg,455,Group Stage
FIFA World Cup,international,1,28,World Cup,2026,Worldcup,719,Tunisia,,9,0,0,0,0,0,0,0,,,,,,,,,,,,,,,,,,,Ranking of third-placed teams,https://apiv3.apifootball.com/badges/719_tunisia.jpg,455,Group Stage
FIFA World Cup,international,1,28,World Cup,2026,Worldcup,738,Ivory Coast,,10,0,0,0,0,0,0,0,,,,,,,,,,,,,,,,,,,Ranking of third-placed teams,https://apiv3.apifootball.com/badges/738_ivory-coast.jpg,455,Group Stage
FIFA World Cup,international,1,28,World Cup,2026,Worldcup,728,D.R. Congo,,11,0,0,0,0,0,0,0,,,,,,,,,,,,,,,,,,,Ranking of third-placed teams,https://apiv3.apifootball.com/badges/728_congo-dr.jpg,455,Group Stage
FIFA World Cup,international,1,28,World Cup,2026,Worldcup,644,Iran,,12,0,0,0,0,0,0,0,,,,,,,,,,,,,,,,,,,Ranking of third-placed teams,https://apiv3.apifootball.com/badges/644_ir-iran.jpg,455,Group Stage
UEFA World Cup Qualifiers,international,2,24,UEFA World Cup Qualifiers,2026,Europe,21,Germany,Promotion - World Cup,1,6,5,0,1,16,3,15,9,,3,3,0,0,13,1,9,20,,3,2,0,1,3,2,6,Group A,https://apiv3.apifootball.com/badges/21_germany.jpg,443,Group Stage
UEFA World Cup Qualifiers,international,2,24,UEFA World Cup Qualifiers,2026,Europe,20,Slovakia,Promotion - World Cup (Promotion),2,6,4,0,2,6,8,12,17,,3,3,0,0,5,0,9,37,,3,1,0,2,1,8,3,Group A,https://apiv3.apifootball.com/badges/20_slovakia.jpg,443,Group Stage
UEFA World Cup Qualifiers,international,2,24,UEFA World Cup Qualifiers,2026,Europe,682,Northern Ireland,,3,6,3,0,3,7,6,9,25,,3,2,0,1,3,1,6,34,,3,1,0,2,4,5,3,Group A,https://apiv3.apifootball.com/badges/682_northern-ireland.jpg,443,Group Stage
UEFA World Cup Qualifiers,international,2,24,UEFA World Cup Qualifiers,2026,Europe,676,Luxembourg,,4,6,0,0,6,1,13,0,54,,3,0,0,3,1,6,0,53,,3,0,0,3,0,7,0,Group A,https://apiv3.apifootball.com/badges/676_luxembourg.jpg,443,Group Stage
UEFA World Cup Qualifiers,international,2,24,UEFA World Cup Qualifiers,2026,Europe,2,Switzerland,Promotion - World Cup,1,6,4,2,0,14,2,14,10,,3,3,0,0,11,1,9,23,,3,1,2,0,3,1,5,Group B,https://apiv3.apifootball.com/badges/2_switzerland.jpg,443,Group Stage
UEFA World Cup Qualifiers,international,2,24,UEFA World Cup Qualifiers,2026,Europe,681,Kosovo,Promotion - World Cup (Promotion),2,6,3,2,1,6,5,11,32,,3,1,2,0,3,1,5,21,,3,2,0,1,3,4,6,Group B,https://apiv3.apifootball.com/badges/681_kosovo.jpg,443,Group Stage
UEFA World Cup Qualifiers,international,2,24,UEFA World Cup Qualifiers,2026,Europe,696,Slovenia,,3,6,0,4,2,3,8,4,41,,3,0,2,1,2,4,2,40,,3,0,2,1,1,4,2,Group B,https://apiv3.apifootball.com/badges/696_slovenia.jpg,443,Group Stage
UEFA World Cup Qualifiers,international,2,24,UEFA World Cup Qualifiers,2026,Europe,17,Sweden,,4,6,0,2,4,4,12,2,44,,3,0,1,2,1,4,1,42,,3,0,1,2,3,8,1,Group B,https://apiv3.apifootball.com/badges/17_sweden.jpg,443,Group Stage
UEFA World Cup Qualifiers,international,2,24,UEFA World Cup Qualifiers,2026,Europe,15,Scotland,Promotion - World Cup,1,6,4,1,1,13,7,13,15,,3,3,0,0,9,4,9,25,,3,1,1,1,4,3,4,Group C,https://apiv3.apifootball.com/badges/15_scotland.jpg,443,Group Stage
UEFA World Cup Qualifiers,international,2,24,UEFA World Cup Qualifiers,2026,Europe,7,Denmark,Promotion - World Cup (Promotion),2,6,3,2,1,16,7,11,33,,3,1,2,0,5,3,5,17,,3,2,0,1,11,4,6,Group C,https://apiv3.apifootball.com/badges/7_denmark.jpg,443,Group Stage
UEFA World Cup Qualifiers,international,2,24,UEFA World Cup Qualifiers,2026,Europe,679,Greece,,3,6,2,1,3,10,12,7,24,,3,2,0,1,8,6,6,41,,3,0,1,2,2,6,1,Group C,https://apiv3.apifootball.com/badges/679_greece.jpg,443,Group Stage
UEFA World Cup Qualifiers,international,2,24,UEFA World Cup Qualifiers,2026,Europe,687,Belarus,,4,6,0,2,4,4,17,2,48,,3,0,1,2,0,8,1,43,,3,0,1,2,4,9,1,Group C,https://apiv3.apifootball.com/badges/687_belarus.jpg,443,Group Stage
UEFA World Cup Qualifiers,international,2,24,UEFA World Cup Qualifiers,2026,Europe,22,France,Promotion - World Cup,1,6,5,1,0,16,4,16,13,,3,3,0,0,9,1,9,11,,3,2,1,0,7,3,7,Group D,https://apiv3.apifootball.com/badges/22_france.jpg,443,Group Stage
UEFA World Cup Qualifiers,international,2,24,UEFA World Cup Qualifiers,2026,Europe,12,Ukraine,Promotion - World Cup (Promotion),2,6,3,1,2,10,11,10,27,,3,2,0,1,4,3,6,27,,3,1,1,1,6,8,4,Group D,https://apiv3.apifootball.com/badges/12_ukraine.jpg,443,Group Stage
UEFA World Cup Qualifiers,international,2,24,UEFA World Cup Qualifiers,2026,Europe,704,Iceland,,3,6,2,1,3,13,11,7,35,,3,1,1,1,10,7,4,33,,3,1,0,2,3,4,3,Group D,https://apiv3.apifootball.com/badges/704_iceland.jpg,443,Group Stage
UEFA World Cup Qualifiers,international,2,24,UEFA World Cup Qualifiers,2026,Europe,678,Azerbaijan,,4,6,0,1,5,3,16,1,45,,3,0,1,2,2,6,1,55,,3,0,0,3,1,10,0,Group D,https://apiv3.apifootball.com/badges/678_azerbaijan.jpg,443,Group Stage
UEFA World Cup Qualifiers,international,2,24,UEFA World Cup Qualifiers,2026,Europe,19,Spain,Promotion - World Cup,1,6,5,1,0,21,2,16,20,,3,2,1,0,8,2,7,5,,3,3,0,0,13,0,9,Group E,https://apiv3.apifootball.com/badges/19_spain.jpg,443,Group Stage
UEFA World Cup Qualifiers,international,2,24,UEFA World Cup Qualifiers,2026,Europe,1,Turkey,Promotion - World Cup (Promotion),2,6,4,1,1,17,12,13,30,,3,2,0,1,6,7,6,10,,3,2,1,0,11,5,7,Group E,https://apiv3.apifootball.com/badges/1_turkiye.jpg,443,Group Stage
UEFA World Cup Qualifiers,international,2,24,UEFA World Cup Qualifiers,2026,Europe,680,Georgia,,3,6,1,0,5,7,15,3,38,,3,1,0,2,5,7,3,52,,3,0,0,3,2,8,0,Group E,https://apiv3.apifootball.com/badges/680_georgia.jpg,443,Group Stage
UEFA World Cup Qualifiers,international,2,24,UEFA World Cup Qualifiers,2026,Europe,683,Bulgaria,,4,6,1,0,5,3,19,3,40,,3,1,0,2,3,10,3,54,,3,0,0,3,0,9,0,Group E,https://apiv3.apifootball.com/badges/683_bulgaria.jpg,443,Group Stage
UEFA World Cup Qualifiers,international,2,24,UEFA World Cup Qualifiers,2026,Europe,23,Portugal,Promotion - World Cup,1,6,4,1,1,20,7,13,19,,3,2,1,0,12,3,7,18,,3,2,0,1,8,4,6,Group F,https://apiv3.apifootball.com/badges/23_portugal.jpg,443,Group Stage
UEFA World Cup Qualifiers,international,2,24,UEFA World Cup Qualifiers,2026,Europe,677,Ireland,Promotion - World Cup (Promotion),2,6,3,1,2,9,7,10,21,,3,2,1,0,5,2,7,32,,3,1,0,2,4,5,3,Group F,https://apiv3.apifootball.com/badges/677_republic-of-ireland.jpg,443,Group Stage
UEFA World Cup Qualifiers,international,2,24,UEFA World Cup Qualifiers,2026,Europe,24,Hungary,,3,6,2,2,2,11,10,8,37,,3,1,0,2,6,6,3,24,,3,1,2,0,5,4,5,Group F,https://apiv3.apifootball.com/badges/24_hungary.jpg,443,Group Stage
UEFA World Cup Qualifiers,international,2,24,UEFA World Cup Qualifiers,2026,Europe,703,Armenia,,4,6,1,0,5,3,19,3,39,,3,1,0,2,2,7,3,56,,3,0,0,3,1,12,0,Group F,https://apiv3.apifootball.com/badges/703_armenia.jpg,443,Group Stage
UEFA World Cup Qualifiers,international,2,24,UEFA World Cup Qualifiers,2026,Europe,10,Netherlands,Promotion - World Cup,1,8,6,2,0,27,4,20,4,,4,3,1,0,17,1,10,4,,4,3,1,0,10,3,10,Group G,https://apiv3.apifootball.com/badges/10_netherlands.jpg,443,Group Stage
UEFA World Cup Qualifiers,international,2,24,UEFA World Cup Qualifiers,2026,Europe,18,Poland,Promotion - World Cup (Promotion),2,8,5,2,1,14,7,17,8,,4,3,1,0,7,2,10,12,,4,2,1,1,7,5,7,Group G,https://apiv3.apifootball.com/badges/18_poland.jpg,443,Group Stage
UEFA World Cup Qualifiers,international,2,24,UEFA World Cup Qualifiers,2026,Europe,8,Finland,,3,8,3,1,4,8,14,10,29,,4,2,0,2,4,5,6,28,,4,1,1,2,4,9,4,Group G,https://apiv3.apifootball.com/badges/8_finland.jpg,443,Group Stage
UEFA World Cup Qualifiers,international,2,24,UEFA World Cup Qualifiers,2026,Europe,698,Malta,,4,8,1,2,5,4,19,5,47,,4,0,1,3,2,8,1,30,,4,1,1,2,2,11,4,Group G,https://apiv3.apifootball.com/badges/698_malta.jpg,443,Group Stage
UEFA World Cup Qualifiers,international,2,24,UEFA World Cup Qualifiers,2026,Europe,684,Lithuania,,5,8,0,3,5,6,15,3,42,,4,0,2,2,5,8,2,44,,4,0,1,3,1,7,1,Group G,https://apiv3.apifootball.com/badges/684_lithuania.jpg,443,Group Stage
UEFA World Cup Qualifiers,international,2,24,UEFA World Cup Qualifiers,2026,Europe,9,Austria,Promotion - World Cup,1,8,6,1,1,22,4,19,6,,4,3,1,0,14,2,10,6,,4,3,0,1,8,2,9,Group H,https://apiv3.apifootball.com/badges/9_austria.jpg,443,Group Stage
UEFA World Cup Qualifiers,international,2,24,UEFA World Cup Qualifiers,2026,Europe,685,Bosnia & Herzegovina,Promotion - World Cup (Promotion),2,8,5,2,1,17,7,17,18,,4,3,0,1,7,4,9,9,,4,2,2,0,10,3,8,Group H,https://apiv3.apifootball.com/badges/685_bosnia-herzegovina.jpg,443,Group Stage
UEFA World Cup Qualifiers,international,2,24,UEFA World Cup Qualifiers,2026,Europe,702,Romania,,3,8,4,1,3,19,10,13,12,,4,3,0,1,10,2,9,26,,4,1,1,2,9,8,4,Group H,https://apiv3.apifootball.com/badges/702_romania.jpg,443,Group Stage
UEFA World Cup Qualifiers,international,2,24,UEFA World Cup Qualifiers,2026,Europe,697,Cyprus,,4,8,2,2,4,11,11,8,34,,4,1,2,1,6,6,5,31,,4,1,0,3,5,5,3,Group H,https://apiv3.apifootball.com/badges/697_cyprus.jpg,443,Group Stage
UEFA World Cup Qualifiers,international,2,24,UEFA World Cup Qualifiers,2026,Europe,701,San Marino,,5,8,0,0,8,2,39,0,59,,4,0,0,4,1,19,0,58,,4,0,0,4,1,20,0,Group H,https://apiv3.apifootball.com/badges/701_san-marino.jpg,443,Group Stage
UEFA World Cup Qualifiers,international,2,24,UEFA World Cup Qualifiers,2026,Europe,692,Norway,Promotion - World Cup,1,8,8,0,0,37,5,24,1,,4,4,0,0,23,2,12,2,,4,4,0,0,14,3,12,Group I,https://apiv3.apifootball.com/badges/692_norway.jpg,443,Group Stage
UEFA World Cup Qualifiers,international,2,24,UEFA World Cup Qualifiers,2026,Europe,3,Italy,Promotion - World Cup (Promotion),2,8,6,0,2,21,12,18,14,,4,3,0,1,11,4,9,7,,4,3,0,1,10,8,9,Group I,https://apiv3.apifootball.com/badges/3_italy.jpg,443,Group Stage
UEFA World Cup Qualifiers,international,2,24,UEFA World Cup Qualifiers,2026,Europe,690,Israel,,3,8,4,0,4,19,20,12,26,,4,2,0,2,12,11,6,22,,4,2,0,2,7,9,6,Group I,https://apiv3.apifootball.com/badges/690_israel.jpg,443,Group Stage
UEFA World Cup Qualifiers,international,2,24,UEFA World Cup Qualifiers,2026,Europe,688,Estonia,,4,8,1,1,6,8,21,4,46,,4,0,1,3,3,8,1,38,,4,1,0,3,5,13,3,Group I,https://apiv3.apifootball.com/badges/688_estonia.jpg,443,Group Stage
UEFA World Cup Qualifiers,international,2,24,UEFA World Cup Qualifiers,2026,Europe,689,Moldova,,5,8,0,1,7,5,32,1,57,,4,0,0,4,2,14,0,46,,4,0,1,3,3,18,1,Group I,https://apiv3.apifootball.com/badges/689_moldova.jpg,443,Group Stage
UEFA World Cup Qualifiers,international,2,24,UEFA World Cup Qualifiers,2026,Europe,6,Belgium,Promotion - World Cup,1,8,5,3,0,29,7,18,5,,4,3,1,0,17,3,10,8,,4,2,2,0,12,4,8,Group J,https://apiv3.apifootball.com/badges/6_belgium.jpg,443,Group Stage
UEFA World Cup Qualifiers,international,2,24,UEFA World Cup Qualifiers,2026,Europe,4,Wales,Promotion - World Cup (Promotion),2,8,5,1,2,21,11,16,11,,4,3,0,1,15,6,9,13,,4,2,1,1,6,5,7,Group J,https://apiv3.apifootball.com/badges/4_wales.jpg,443,Group Stage
UEFA World Cup Qualifiers,international,2,24,UEFA World Cup Qualifiers,2026,Europe,11,North Macedonia,,3,8,3,4,1,13,10,13,23,,4,1,3,0,8,3,6,16,,4,2,1,1,5,7,7,Group J,https://apiv3.apifootball.com/badges/11_north-macedonia.jpg,443,Group Stage
UEFA World Cup Qualifiers,international,2,24,UEFA World Cup Qualifiers,2026,Europe,686,Kazakhstan,,4,8,2,2,4,9,13,8,36,,4,1,1,2,5,3,4,29,,4,1,1,2,4,10,4,Group J,https://apiv3.apifootball.com/badges/686_kazakhstan.jpg,443,Group Stage
UEFA World Cup Qualifiers,international,2,24,UEFA World Cup Qualifiers,2026,Europe,705,Liechtenstein,,5,8,0,0,8,0,31,0,56,,4,0,0,4,0,12,0,59,,4,0,0,4,0,19,0,Group J,https://apiv3.apifootball.com/badges/705_liechtenstein.jpg,443,Group Stage
UEFA World Cup Qualifiers,international,2,24,UEFA World Cup Qualifiers,2026,Europe,16,England,Promotion - World Cup,1,8,8,0,0,22,0,24,3,,4,4,0,0,9,0,12,1,,4,4,0,0,13,0,12,Group K,https://apiv3.apifootball.com/badges/16_england.jpg,443,Group Stage
UEFA World Cup Qualifiers,international,2,24,UEFA World Cup Qualifiers,2026,Europe,699,Albania,Promotion - World Cup (Promotion),2,8,4,2,2,7,5,14,22,,4,2,1,1,4,2,7,15,,4,2,1,1,3,3,7,Group K,https://apiv3.apifootball.com/badges/699_albania.jpg,443,Group Stage
UEFA World Cup Qualifiers,international,2,24,UEFA World Cup Qualifiers,2026,Europe,675,Serbia,,3,8,4,1,3,9,10,13,31,,4,2,0,2,5,7,6,14,,4,2,1,1,4,3,7,Group K,https://apiv3.apifootball.com/badges/675_serbia.jpg,443,Group Stage
UEFA World Cup Qualifiers,international,2,24,UEFA World Cup Qualifiers,2026,Europe,694,Latvia,,4,8,1,2,5,5,15,5,43,,4,0,2,2,3,9,2,36,,4,1,0,3,2,6,3,Group K,https://apiv3.apifootball.com/badges/694_latvia.jpg,443,Group Stage
UEFA World Cup Qualifiers,international,2,24,UEFA World Cup Qualifiers,2026,Europe,700,Andorra,,5,8,0,1,7,3,16,1,55,,4,0,0,4,1,6,0,45,,4,0,1,3,2,10,1,Group K,https://apiv3.apifootball.com/badges/700_andorra-cf.jpg,443,Group Stage
UEFA World Cup Qualifiers,international,2,24,UEFA World Cup Qualifiers,2026,Europe,14,Croatia,Promotion - World Cup,1,8,7,1,0,26,4,22,2,,4,4,0,0,15,2,12,3,,4,3,1,0,11,2,10,Group L,https://apiv3.apifootball.com/badges/14_croatia.jpg,443,Group Stage
UEFA World Cup Qualifiers,international,2,24,UEFA World Cup Qualifiers,2026,Europe,13,Czech Republic,Promotion - World Cup (Promotion),2,8,5,1,2,18,8,16,7,,4,3,1,0,10,1,10,19,,4,2,0,2,8,7,6,Group L,https://apiv3.apifootball.com/badges/13_czechia.jpg,443,Group Stage
UEFA World Cup Qualifiers,international,2,24,UEFA World Cup Qualifiers,2026,Europe,691,Faroe Islands,,3,8,4,0,4,11,9,12,16,,4,3,0,1,8,3,9,35,,4,1,0,3,3,6,3,Group L,https://apiv3.apifootball.com/badges/691_faroe-islands.jpg,443,Group Stage
UEFA World Cup Qualifiers,international,2,24,UEFA World Cup Qualifiers,2026,Europe,693,Montenegro,,4,8,3,0,5,8,17,9,28,,4,2,0,2,6,6,6,39,,4,1,0,3,2,11,3,Group L,https://apiv3.apifootball.com/badges/693_montenegro.jpg,443,Group Stage
UEFA World Cup Qualifiers,international,2,24,UEFA World Cup Qualifiers,2026,Europe,695,Gibraltar,,5,8,0,0,8,3,28,0,58,,4,0,0,4,1,14,0,57,,4,0,0,4,2,14,0,Group L,https://apiv3.apifootball.com/badges/695_gibraltar.jpg,443,Group Stage
CONMEBOL World Cup Qualifiers,international,3,27,CONMEBOL World Cup Qualifiers,2026,South America,536,Argentina,Promotion - World Cup,1,18,12,2,4,31,10,38,1,,9,7,1,1,20,4,22,1,,9,5,1,3,11,6,16,,https://apiv3.apifootball.com/badges/536_argentina.jpg,449,Current
CONMEBOL World Cup Qualifiers,international,3,27,CONMEBOL World Cup Qualifiers,2026,South America,541,Ecuador,Promotion - World Cup,2,18,8,8,2,14,5,29,2,,9,6,3,0,11,2,21,2,,9,2,5,2,3,3,11,,https://apiv3.apifootball.com/badges/541_ecuador.jpg,449,Current
CONMEBOL World Cup Qualifiers,international,3,27,CONMEBOL World Cup Qualifiers,2026,South America,535,Colombia,Promotion - World Cup,3,18,7,7,4,28,18,28,6,,9,5,3,1,16,7,18,3,,9,2,4,3,12,11,10,,https://apiv3.apifootball.com/badges/535_colombia.jpg,449,Current
CONMEBOL World Cup Qualifiers,international,3,27,CONMEBOL World Cup Qualifiers,2026,South America,539,Uruguay,Promotion - World Cup,4,18,7,7,4,22,12,28,4,,9,6,2,1,16,4,20,4,,9,1,5,3,6,8,8,,https://apiv3.apifootball.com/badges/539_uruguay.jpg,449,Current
CONMEBOL World Cup Qualifiers,international,3,27,CONMEBOL World Cup Qualifiers,2026,South America,531,Brazil,Promotion - World Cup,5,18,8,4,6,24,17,28,3,,9,6,2,1,18,5,20,6,,9,2,2,5,6,12,8,,https://apiv3.apifootball.com/badges/531_brazil.jpg,449,Current
CONMEBOL World Cup Qualifiers,international,3,27,CONMEBOL World Cup Qualifiers,2026,South America,537,Paraguay,Promotion - World Cup,6,18,7,7,4,14,10,28,5,,9,6,2,1,9,3,20,5,,9,1,5,3,5,7,8,,https://apiv3.apifootball.com/badges/537_paraguay.jpg,449,Current
CONMEBOL World Cup Qualifiers,international,3,27,CONMEBOL World Cup Qualifiers,2026,South America,534,Bolivia,Promotion - World Cup (Promotion),7,18,6,2,10,17,35,20,7,,9,5,2,2,13,7,17,7,,9,1,0,8,4,28,3,,https://apiv3.apifootball.com/badges/534_bolivia.jpg,449,Current
CONMEBOL World Cup Qualifiers,international,3,27,CONMEBOL World Cup Qualifiers,2026,South America,532,Venezuela,,8,18,4,6,8,18,28,18,8,,9,4,4,1,12,8,16,8,,9,0,2,7,6,20,2,,https://apiv3.apifootball.com/badges/532_venezuela.jpg,449,Current
CONMEBOL World Cup Qualifiers,international,3,27,CONMEBOL World Cup Qualifiers,2026,South America,533,Peru,,9,18,2,6,10,6,21,12,10,,9,2,4,3,6,7,10,9,,9,0,2,7,0,14,2,,https://apiv3.apifootball.com/badges/533_peru.jpg,449,Current
CONMEBOL World Cup Qualifiers,international,3,27,CONMEBOL World Cup Qualifiers,2026,South America,528,Chile,,10,18,2,5,11,9,27,11,9,,9,2,4,3,8,7,10,10,,9,0,1,8,1,20,1,,https://apiv3.apifootball.com/badges/528_chile.jpg,449,Current
AFC World Cup Qualifiers,international,4,22,AFC World Cup Qualifiers,2026,Worldcup,649,Oman,Promotion - World Championship (Third stage: ),1,0,0,0,0,0,0,0,33,,0,0,0,0,0,0,0,33,,0,0,0,0,0,0,0,Group D,https://apiv3.apifootball.com/badges/649_oman.jpg,2517,3rd Round
AFC World Cup Qualifiers,international,4,22,AFC World Cup Qualifiers,2026,Worldcup,478,Malaysia,Promotion - World Championship (Third stage: ),2,0,0,0,0,0,0,0,23,,0,0,0,0,0,0,0,23,,0,0,0,0,0,0,0,Group D,https://apiv3.apifootball.com/badges/478_malaysia.jpg,2517,3rd Round
AFC World Cup Qualifiers,international,4,22,AFC World Cup Qualifiers,2026,Worldcup,346,Kyrgyzstan,Promotion - Asian Cup (Third round: ),3,0,0,0,0,0,0,0,24,,0,0,0,0,0,0,0,24,,0,0,0,0,0,0,0,Group D,https://apiv3.apifootball.com/badges/346_kyrgyz-republic.jpg,2517,3rd Round
AFC World Cup Qualifiers,international,4,22,AFC World Cup Qualifiers,2026,Worldcup,348,Chinese Taipei,Promotion - Asian Cup (Third round: ),4,0,0,0,0,0,0,0,25,,0,0,0,0,0,0,0,25,,0,0,0,0,0,0,0,Group D,https://apiv3.apifootball.com/badges/348_chinese-taipei.jpg,2517,3rd Round
AFC World Cup Qualifiers,international,4,22,AFC World Cup Qualifiers,2026,Worldcup,646,Uzbekistan,Promotion - World Championship (Third stage: ),1,0,0,0,0,0,0,0,26,,0,0,0,0,0,0,0,26,,0,0,0,0,0,0,0,Group E,https://apiv3.apifootball.com/badges/646_uzbekistan.jpg,2517,3rd Round
AFC World Cup Qualifiers,international,4,22,AFC World Cup Qualifiers,2026,Worldcup,644,Iran,Promotion - World Championship (Third stage: ),2,0,0,0,0,0,0,0,27,,0,0,0,0,0,0,0,27,,0,0,0,0,0,0,0,Group E,https://apiv3.apifootball.com/badges/644_ir-iran.jpg,2517,3rd Round
AFC World Cup Qualifiers,international,4,22,AFC World Cup Qualifiers,2026,Worldcup,645,Hong Kong,Promotion - Asian Cup (Third round: ),3,0,0,0,0,0,0,0,28,,0,0,0,0,0,0,0,28,,0,0,0,0,0,0,0,Group E,https://apiv3.apifootball.com/badges/645_hong-kong-china.jpg,2517,3rd Round
AFC World Cup Qualifiers,international,4,22,AFC World Cup Qualifiers,2026,Worldcup,343,Turkmenistan,Promotion - Asian Cup (Third round: ),4,0,0,0,0,0,0,0,29,,0,0,0,0,0,0,0,29,,0,0,0,0,0,0,0,Group E,https://apiv3.apifootball.com/badges/343_turkmenistan.jpg,2517,3rd Round
AFC World Cup Qualifiers,international,4,22,AFC World Cup Qualifiers,2026,Worldcup,479,Vietnam,Promotion - World Championship (Third stage: ),1,0,0,0,0,0,0,0,30,,0,0,0,0,0,0,0,30,,0,0,0,0,0,0,0,Group F,https://apiv3.apifootball.com/badges/479_vietnam.jpg,2517,3rd Round
AFC World Cup Qualifiers,international,4,22,AFC World Cup Qualifiers,2026,Worldcup,484,Indonesia,Promotion - World Championship (Third stage: ),2,0,0,0,0,0,0,0,31,,0,0,0,0,0,0,0,31,,0,0,0,0,0,0,0,Group F,https://apiv3.apifootball.com/badges/484_indonesia.jpg,2517,3rd Round
AFC World Cup Qualifiers,international,4,22,AFC World Cup Qualifiers,2026,Worldcup,642,Iraq,Promotion - Asian Cup (Third round: ),3,0,0,0,0,0,0,0,32,,0,0,0,0,0,0,0,32,,0,0,0,0,0,0,0,Group F,https://apiv3.apifootball.com/badges/642_iraq.jpg,2517,3rd Round
AFC World Cup Qualifiers,international,4,22,AFC World Cup Qualifiers,2026,Worldcup,341,Philippines,Promotion - Asian Cup (Third round: ),4,0,0,0,0,0,0,0,22,,0,0,0,0,0,0,0,22,,0,0,0,0,0,0,0,Group F,https://apiv3.apifootball.com/badges/341_philippines.jpg,2517,3rd Round
AFC World Cup Qualifiers,international,4,22,AFC World Cup Qualifiers,2026,Worldcup,647,Saudi Arabia,Promotion - World Championship (Third stage: ),1,0,0,0,0,0,0,0,34,,0,0,0,0,0,0,0,34,,0,0,0,0,0,0,0,Group G,https://apiv3.apifootball.com/badges/647_saudi-arabia.jpg,2517,3rd Round
AFC World Cup Qualifiers,international,4,22,AFC World Cup Qualifiers,2026,Worldcup,641,Jordan,Promotion - World Championship (Third stage: ),2,0,0,0,0,0,0,0,35,,0,0,0,0,0,0,0,35,,0,0,0,0,0,0,0,Group G,https://apiv3.apifootball.com/badges/641_jordan.jpg,2517,3rd Round
AFC World Cup Qualifiers,international,4,22,AFC World Cup Qualifiers,2026,Worldcup,352,Pakistan,Promotion - Asian Cup (Third round: ),3,0,0,0,0,0,0,0,36,,0,0,0,0,0,0,0,36,,0,0,0,0,0,0,0,Group G,https://apiv3.apifootball.com/badges/352_pakistan.jpg,2517,3rd Round
AFC World Cup Qualifiers,international,4,22,AFC World Cup Qualifiers,2026,Worldcup,351,Tajikistan,Promotion - Asian Cup (Third round: ),4,0,0,0,0,0,0,0,37,,0,0,0,0,0,0,0,37,,0,0,0,0,0,0,0,Group G,https://apiv3.apifootball.com/badges/351_tajikistan.jpg,2517,3rd Round
AFC World Cup Qualifiers,international,4,22,AFC World Cup Qualifiers,2026,Worldcup,650,United Arab Emirates,Promotion - World Championship (Third stage: ),1,0,0,0,0,0,0,0,38,,0,0,0,0,0,0,0,38,,0,0,0,0,0,0,0,Group H,https://apiv3.apifootball.com/badges/650_uae.jpg,2517,3rd Round
AFC World Cup Qualifiers,international,4,22,AFC World Cup Qualifiers,2026,Worldcup,643,Bahrain,Promotion - World Championship (Third stage: ),2,0,0,0,0,0,0,0,39,,0,0,0,0,0,0,0,39,,0,0,0,0,0,0,0,Group H,https://apiv3.apifootball.com/badges/643_bahrain.jpg,2517,3rd Round
AFC World Cup Qualifiers,international,4,22,AFC World Cup Qualifiers,2026,Worldcup,648,Yemen,Promotion - Asian Cup (Third round: ),3,0,0,0,0,0,0,0,40,,0,0,0,0,0,0,0,40,,0,0,0,0,0,0,0,Group H,https://apiv3.apifootball.com/badges/648_yemen.jpg,2517,3rd Round
AFC World Cup Qualifiers,international,4,22,AFC World Cup Qualifiers,2026,Worldcup,349,Nepal,Promotion - Asian Cup (Third round: ),4,0,0,0,0,0,0,0,41,,0,0,0,0,0,0,0,41,,0,0,0,0,0,0,0,Group H,https://apiv3.apifootball.com/badges/349_nepal.jpg,2517,3rd Round
AFC World Cup Qualifiers,international,4,22,AFC World Cup Qualifiers,2026,Worldcup,529,Australia,Promotion - World Championship (Third stage: ),1,0,0,0,0,0,0,0,42,,0,0,0,0,0,0,0,42,,0,0,0,0,0,0,0,Group I,https://apiv3.apifootball.com/badges/529_australia.jpg,2517,3rd Round
AFC World Cup Qualifiers,international,4,22,AFC World Cup Qualifiers,2026,Worldcup,652,Lebanon,Promotion - World Championship (Third stage: ),2,0,0,0,0,0,0,0,19,,0,0,0,0,0,0,0,19,,0,0,0,0,0,0,0,Group I,https://apiv3.apifootball.com/badges/652_lebanon.jpg,2517,3rd Round
AFC World Cup Qualifiers,international,4,22,AFC World Cup Qualifiers,2026,Worldcup,339,Palestine,Promotion - Asian Cup (Third round: ),3,0,0,0,0,0,0,0,21,,0,0,0,0,0,0,0,21,,0,0,0,0,0,0,0,Group I,https://apiv3.apifootball.com/badges/339_palestine.jpg,2517,3rd Round
AFC World Cup Qualifiers,international,4,22,AFC World Cup Qualifiers,2026,Worldcup,355,Bangladesh,Promotion - Asian Cup (Third round: ),4,0,0,0,0,0,0,0,20,,0,0,0,0,0,0,0,20,,0,0,0,0,0,0,0,Group I,https://apiv3.apifootball.com/badges/355_bangladesh.jpg,2517,3rd Round
AFC World Cup Qualifiers,international,4,22,AFC World Cup Qualifiers,2026,Worldcup,538,Qatar,Promotion - World Championship (Third stage: ),1,6,5,1,0,18,3,16,2,,3,3,0,0,13,2,9,8,,3,2,1,0,5,1,7,Group A,https://apiv3.apifootball.com/badges/538_qatar.jpg,439,2nd Round
AFC World Cup Qualifiers,international,4,22,AFC World Cup Qualifiers,2026,Worldcup,640,Kuwait,Promotion - World Championship (Third stage: ),2,6,2,1,3,6,6,7,22,,3,1,0,2,2,3,3,14,,3,1,1,1,4,3,4,Group A,https://apiv3.apifootball.com/badges/640_kuwait.jpg,439,2nd Round
AFC World Cup Qualifiers,international,4,22,AFC World Cup Qualifiers,2026,Worldcup,340,Afghanistan,Promotion - Asian Cup (Third round: ),3,6,1,2,3,3,14,5,25,,3,0,2,1,0,4,2,25,,3,1,0,2,3,10,3,Group A,https://apiv3.apifootball.com/badges/340_afghanistan.jpg,439,2nd Round
AFC World Cup Qualifiers,international,4,22,AFC World Cup Qualifiers,2026,Worldcup,347,India,Promotion - Asian Cup (Third round: ),4,6,1,2,3,3,7,5,28,,3,0,1,2,1,5,1,17,,3,1,1,1,2,2,4,Group A,https://apiv3.apifootball.com/badges/347_india.jpg,439,2nd Round
AFC World Cup Qualifiers,international,4,22,AFC World Cup Qualifiers,2026,Worldcup,540,Japan,Promotion - World Championship (Third stage: ),1,6,6,0,0,24,0,18,3,,3,3,0,0,11,0,9,1,,3,3,0,0,13,0,9,Group B,https://apiv3.apifootball.com/badges/540_japan.jpg,439,2nd Round
AFC World Cup Qualifiers,international,4,22,AFC World Cup Qualifiers,2026,Worldcup,653,North Korea,Promotion - World Championship (Third stage: ),2,6,3,0,3,11,7,9,14,,3,2,0,1,5,4,6,22,,3,1,0,2,6,3,3,Group B,https://apiv3.apifootball.com/badges/653_korea-dpr.jpg,439,2nd Round
AFC World Cup Qualifiers,international,4,22,AFC World Cup Qualifiers,2026,Worldcup,638,Syria,Promotion - Asian Cup (Third round: ),3,6,2,1,3,9,12,7,13,,3,2,0,1,8,5,6,27,,3,0,1,2,1,7,1,Group B,https://apiv3.apifootball.com/badges/638_syria.jpg,439,2nd Round
AFC World Cup Qualifiers,international,4,22,AFC World Cup Qualifiers,2026,Worldcup,345,Myanmar,Promotion - Asian Cup (Third round: ),4,6,0,1,5,3,28,1,33,,3,0,1,2,2,12,1,35,,3,0,0,3,1,16,0,Group B,https://apiv3.apifootball.com/badges/345_myanmar.jpg,439,2nd Round
AFC World Cup Qualifiers,international,4,22,AFC World Cup Qualifiers,2026,Worldcup,651,South Korea,Promotion - World Championship (Third stage: ),1,6,5,1,0,20,1,16,6,,3,2,1,0,7,1,7,2,,3,3,0,0,13,0,9,Group C,https://apiv3.apifootball.com/badges/651_korea-republic.jpg,439,2nd Round
AFC World Cup Qualifiers,international,4,22,AFC World Cup Qualifiers,2026,Worldcup,639,China,Promotion - World Championship (Third stage: ),2,6,2,2,2,9,9,8,20,,3,1,1,1,5,5,4,18,,3,1,1,1,4,4,4,Group C,https://apiv3.apifootball.com/badges/639_china-pr.jpg,439,2nd Round
AFC World Cup Qualifiers,international,4,22,AFC World Cup Qualifiers,2026,Worldcup,480,Thailand,Promotion - Asian Cup (Third round: ),3,6,2,2,2,9,9,8,23,,3,1,0,2,4,6,3,13,,3,1,2,0,5,3,5,Group C,https://apiv3.apifootball.com/badges/480_thailand.jpg,439,2nd Round
AFC World Cup Qualifiers,international,4,22,AFC World Cup Qualifiers,2026,Worldcup,483,Singapore,Promotion - Asian Cup (Third round: ),4,6,0,1,5,5,24,1,32,,3,0,1,2,3,12,1,33,,3,0,0,3,2,12,0,Group C,https://apiv3.apifootball.com/badges/483_singapore.jpg,439,2nd Round
AFC World Cup Qualifiers,international,4,22,AFC World Cup Qualifiers,2026,Worldcup,649,Oman,Promotion - World Championship (Third stage: ),1,6,4,1,1,11,2,13,8,,3,2,1,0,6,1,7,12,,3,2,0,1,5,1,6,Group D,https://apiv3.apifootball.com/badges/649_oman.jpg,439,2nd Round
AFC World Cup Qualifiers,international,4,22,AFC World Cup Qualifiers,2026,Worldcup,346,Kyrgyzstan,Promotion - World Championship (Third stage: ),2,6,3,2,1,13,7,11,9,,3,2,1,0,7,2,7,15,,3,1,1,1,6,5,4,Group D,https://apiv3.apifootball.com/badges/346_kyrgyz-republic.jpg,439,2nd Round
AFC World Cup Qualifiers,international,4,22,AFC World Cup Qualifiers,2026,Worldcup,478,Malaysia,Promotion - Asian Cup (Third round: ),3,6,3,1,2,9,9,10,15,,3,2,0,1,7,6,6,19,,3,1,1,1,2,3,4,Group D,https://apiv3.apifootball.com/badges/478_malaysia.jpg,439,2nd Round
AFC World Cup Qualifiers,international,4,22,AFC World Cup Qualifiers,2026,Worldcup,348,Chinese Taipei,Promotion - Asian Cup (Third round: ),4,6,0,0,6,2,17,0,34,,3,0,0,3,0,6,0,32,,3,0,0,3,2,11,0,Group D,https://apiv3.apifootball.com/badges/348_chinese-taipei.jpg,439,2nd Round
AFC World Cup Qualifiers,international,4,22,AFC World Cup Qualifiers,2026,Worldcup,644,Iran,Promotion - World Championship (Third stage: ),1,6,4,2,0,16,4,14,5,,3,2,1,0,9,0,7,11,,3,2,1,0,7,4,7,Group E,https://apiv3.apifootball.com/badges/644_ir-iran.jpg,439,2nd Round
AFC World Cup Qualifiers,international,4,22,AFC World Cup Qualifiers,2026,Worldcup,646,Uzbekistan,Promotion - World Championship (Third stage: ),2,6,4,2,0,13,4,14,10,,3,2,1,0,8,3,7,9,,3,2,1,0,5,1,7,Group E,https://apiv3.apifootball.com/badges/646_uzbekistan.jpg,439,2nd Round
AFC World Cup Qualifiers,international,4,22,AFC World Cup Qualifiers,2026,Worldcup,343,Turkmenistan,Promotion - Asian Cup (Third round: ),3,6,0,2,4,4,14,2,27,,3,0,1,2,1,4,1,28,,3,0,1,2,3,10,1,Group E,https://apiv3.apifootball.com/badges/343_turkmenistan.jpg,439,2nd Round
AFC World Cup Qualifiers,international,4,22,AFC World Cup Qualifiers,2026,Worldcup,645,Hong Kong,Promotion - Asian Cup (Third round: ),4,6,0,2,4,4,15,2,29,,3,0,1,2,4,8,1,29,,3,0,1,2,0,7,1,Group E,https://apiv3.apifootball.com/badges/645_hong-kong-china.jpg,439,2nd Round
AFC World Cup Qualifiers,international,4,22,AFC World Cup Qualifiers,2026,Worldcup,642,Iraq,Promotion - World Championship (Third stage: ),1,6,6,0,0,17,2,18,4,,3,3,0,0,9,2,9,4,,3,3,0,0,8,0,9,Group F,https://apiv3.apifootball.com/badges/642_iraq.jpg,439,2nd Round
AFC World Cup Qualifiers,international,4,22,AFC World Cup Qualifiers,2026,Worldcup,484,Indonesia,Promotion - World Championship (Third stage: ),2,6,3,1,2,8,8,10,16,,3,2,0,1,3,2,6,20,,3,1,1,1,5,6,4,Group F,https://apiv3.apifootball.com/badges/484_indonesia.jpg,439,2nd Round
AFC World Cup Qualifiers,international,4,22,AFC World Cup Qualifiers,2026,Worldcup,479,Vietnam,Promotion - Asian Cup (Third round: ),3,6,2,0,4,6,10,6,24,,3,1,0,2,3,6,3,24,,3,1,0,2,3,4,3,Group F,https://apiv3.apifootball.com/badges/479_vietnam.jpg,439,2nd Round
AFC World Cup Qualifiers,international,4,22,AFC World Cup Qualifiers,2026,Worldcup,341,Philippines,Promotion - Asian Cup (Third round: ),4,6,0,1,5,3,14,1,31,,3,0,1,2,1,8,1,31,,3,0,0,3,2,6,0,Group F,https://apiv3.apifootball.com/badges/341_philippines.jpg,439,2nd Round
AFC World Cup Qualifiers,international,4,22,AFC World Cup Qualifiers,2026,Worldcup,641,Jordan,Promotion - World Championship (Third stage: ),1,6,4,1,1,16,4,13,11,,3,2,0,1,10,2,6,10,,3,2,1,0,6,2,7,Group G,https://apiv3.apifootball.com/badges/641_jordan.jpg,439,2nd Round
AFC World Cup Qualifiers,international,4,22,AFC World Cup Qualifiers,2026,Worldcup,647,Saudi Arabia,Promotion - World Championship (Third stage: ),2,6,4,1,1,12,3,13,12,,3,2,0,1,6,2,6,7,,3,2,1,0,6,1,7,Group G,https://apiv3.apifootball.com/badges/647_saudi-arabia.jpg,439,2nd Round
AFC World Cup Qualifiers,international,4,22,AFC World Cup Qualifiers,2026,Worldcup,351,Tajikistan,Promotion - Asian Cup (Third round: ),3,6,2,2,2,11,7,8,17,,3,1,2,0,5,2,5,23,,3,1,0,2,6,5,3,Group G,https://apiv3.apifootball.com/badges/351_tajikistan.jpg,439,2nd Round
AFC World Cup Qualifiers,international,4,22,AFC World Cup Qualifiers,2026,Worldcup,352,Pakistan,Promotion - Asian Cup (Third round: ),4,6,0,0,6,1,26,0,35,,3,0,0,3,1,12,0,34,,3,0,0,3,0,14,0,Group G,https://apiv3.apifootball.com/badges/352_pakistan.jpg,439,2nd Round
AFC World Cup Qualifiers,international,4,22,AFC World Cup Qualifiers,2026,Worldcup,650,United Arab Emirates,Promotion - World Championship (Third stage: ),1,6,5,1,0,16,2,16,7,,3,2,1,0,7,2,7,3,,3,3,0,0,9,0,9,Group H,https://apiv3.apifootball.com/badges/650_uae.jpg,439,2nd Round
AFC World Cup Qualifiers,international,4,22,AFC World Cup Qualifiers,2026,Worldcup,643,Bahrain,Promotion - World Championship (Third stage: ),2,6,3,2,1,11,3,11,19,,3,1,1,1,3,2,4,6,,3,2,1,0,8,1,7,Group H,https://apiv3.apifootball.com/badges/643_bahrain.jpg,439,2nd Round
AFC World Cup Qualifiers,international,4,22,AFC World Cup Qualifiers,2026,Worldcup,648,Yemen,Promotion - Asian Cup (Third round: ),3,6,1,2,3,5,9,5,30,,3,0,1,2,2,7,1,16,,3,1,1,1,3,2,4,Group H,https://apiv3.apifootball.com/badges/648_yemen.jpg,439,2nd Round
AFC World Cup Qualifiers,international,4,22,AFC World Cup Qualifiers,2026,Worldcup,349,Nepal,Promotion - Asian Cup (Third round: ),4,6,0,1,5,2,20,1,36,,3,0,0,3,0,11,0,30,,3,0,1,2,2,9,1,Group H,https://apiv3.apifootball.com/badges/349_nepal.jpg,439,2nd Round
AFC World Cup Qualifiers,international,4,22,AFC World Cup Qualifiers,2026,Worldcup,529,Australia,Promotion - World Championship (Third stage: ),1,6,6,0,0,22,0,18,1,,3,3,0,0,14,0,9,5,,3,3,0,0,8,0,9,Group I,https://apiv3.apifootball.com/badges/529_australia.jpg,439,2nd Round
AFC World Cup Qualifiers,international,4,22,AFC World Cup Qualifiers,2026,Worldcup,339,Palestine,Promotion - World Championship (Third stage: ),2,6,2,2,2,6,6,8,18,,3,1,1,1,5,1,4,21,,3,1,1,1,1,5,4,Group I,https://apiv3.apifootball.com/badges/339_palestine.jpg,439,2nd Round
AFC World Cup Qualifiers,international,4,22,AFC World Cup Qualifiers,2026,Worldcup,652,Lebanon,Promotion - Asian Cup (Third round: ),3,6,1,3,2,5,8,6,21,,3,1,1,1,4,5,4,26,,3,0,2,1,1,3,2,Group I,https://apiv3.apifootball.com/badges/652_lebanon.jpg,439,2nd Round
AFC World Cup Qualifiers,international,4,22,AFC World Cup Qualifiers,2026,Worldcup,355,Bangladesh,Promotion - Asian Cup (Third round: ),4,6,0,1,5,1,20,1,26,,3,0,1,2,1,4,1,36,,3,0,0,3,0,16,0,Group I,https://apiv3.apifootball.com/badges/355_bangladesh.jpg,439,2nd Round
AFC World Cup Qualifiers,international,4,22,AFC World Cup Qualifiers,2026,Worldcup,644,Iran,Promotion - World Cup,1,10,7,2,1,19,8,23,1,,5,4,1,0,12,3,13,3,,5,3,1,1,7,5,10,Group A,https://apiv3.apifootball.com/badges/644_ir-iran.jpg,2517,3rd Round
AFC World Cup Qualifiers,international,4,22,AFC World Cup Qualifiers,2026,Worldcup,646,Uzbekistan,Promotion - World Cup,2,10,6,3,1,14,7,21,2,,5,4,1,0,6,0,13,6,,5,2,2,1,8,7,8,Group A,https://apiv3.apifootball.com/badges/646_uzbekistan.jpg,2517,3rd Round
AFC World Cup Qualifiers,international,4,22,AFC World Cup Qualifiers,2026,Worldcup,650,United Arab Emirates,Promotion - World Cup (Fourth stage: ),3,10,4,3,3,15,8,15,8,,5,2,2,1,9,2,8,8,,5,2,1,2,6,6,7,Group A,https://apiv3.apifootball.com/badges/650_uae.jpg,2517,3rd Round
AFC World Cup Qualifiers,international,4,22,AFC World Cup Qualifiers,2026,Worldcup,538,Qatar,Promotion - World Cup (Fourth stage: ),4,10,4,1,5,17,24,13,3,,5,4,0,1,13,7,12,18,,5,0,1,4,4,17,1,Group A,https://apiv3.apifootball.com/badges/538_qatar.jpg,2517,3rd Round
AFC World Cup Qualifiers,international,4,22,AFC World Cup Qualifiers,2026,Worldcup,346,Kyrgyzstan,,5,10,2,2,6,12,18,8,11,,5,2,1,2,9,8,7,16,,5,0,1,4,3,10,1,Group A,https://apiv3.apifootball.com/badges/346_kyrgyz-republic.jpg,2517,3rd Round
AFC World Cup Qualifiers,international,4,22,AFC World Cup Qualifiers,2026,Worldcup,653,North Korea,,6,10,0,3,7,9,21,3,16,,5,0,2,3,7,10,2,17,,5,0,1,4,2,11,1,Group A,https://apiv3.apifootball.com/badges/653_korea-dpr.jpg,2517,3rd Round
AFC World Cup Qualifiers,international,4,22,AFC World Cup Qualifiers,2026,Worldcup,651,South Korea,Promotion - World Cup,1,10,6,4,0,20,7,22,7,,5,2,3,0,9,4,9,1,,5,4,1,0,11,3,13,Group B,https://apiv3.apifootball.com/badges/651_korea-republic.jpg,2517,3rd Round
AFC World Cup Qualifiers,international,4,22,AFC World Cup Qualifiers,2026,Worldcup,641,Jordan,Promotion - World Cup,2,10,4,4,2,16,8,16,10,,5,2,1,2,8,5,7,4,,5,2,3,0,8,3,9,Group B,https://apiv3.apifootball.com/badges/641_jordan.jpg,2517,3rd Round
AFC World Cup Qualifiers,international,4,22,AFC World Cup Qualifiers,2026,Worldcup,642,Iraq,Promotion - World Cup (Fourth stage: ),3,10,4,3,3,9,9,15,9,,5,2,2,1,4,4,8,9,,5,2,1,2,5,5,7,Group B,https://apiv3.apifootball.com/badges/642_iraq.jpg,2517,3rd Round
AFC World Cup Qualifiers,international,4,22,AFC World Cup Qualifiers,2026,Worldcup,649,Oman,Promotion - World Cup (Fourth stage: ),4,10,3,2,5,9,14,11,13,,5,2,0,3,6,7,6,10,,5,1,2,2,3,7,5,Group B,https://apiv3.apifootball.com/badges/649_oman.jpg,2517,3rd Round
AFC World Cup Qualifiers,international,4,22,AFC World Cup Qualifiers,2026,Worldcup,339,Palestine,,5,10,2,4,4,10,13,10,12,,5,1,3,1,7,8,6,11,,5,1,1,3,3,5,4,Group B,https://apiv3.apifootball.com/badges/339_palestine.jpg,2517,3rd Round
AFC World Cup Qualifiers,international,4,22,AFC World Cup Qualifiers,2026,Worldcup,640,Kuwait,,6,10,0,5,5,7,20,5,17,,5,0,2,3,2,7,2,13,,5,0,3,2,5,13,3,Group B,https://apiv3.apifootball.com/badges/640_kuwait.jpg,2517,3rd Round
AFC World Cup Qualifiers,international,4,22,AFC World Cup Qualifiers,2026,Worldcup,540,Japan,Promotion - World Cup,1,10,7,2,1,30,3,23,4,,5,3,2,0,16,1,11,2,,5,4,0,1,14,2,12,Group C,https://apiv3.apifootball.com/badges/540_japan.jpg,2517,3rd Round
AFC World Cup Qualifiers,international,4,22,AFC World Cup Qualifiers,2026,Worldcup,529,Australia,Promotion - World Cup,2,10,5,4,1,16,7,19,5,,5,3,1,1,9,3,10,5,,5,2,3,0,7,4,9,Group C,https://apiv3.apifootball.com/badges/529_australia.jpg,2517,3rd Round
AFC World Cup Qualifiers,international,4,22,AFC World Cup Qualifiers,2026,Worldcup,647,Saudi Arabia,Promotion - World Cup (Fourth stage: ),3,10,3,4,3,7,8,13,15,,5,1,2,2,3,5,5,7,,5,2,2,1,4,3,8,Group C,https://apiv3.apifootball.com/badges/647_saudi-arabia.jpg,2517,3rd Round
AFC World Cup Qualifiers,international,4,22,AFC World Cup Qualifiers,2026,Worldcup,484,Indonesia,Promotion - World Cup (Fourth stage: ),4,10,3,3,4,9,20,12,6,,5,3,1,1,4,4,10,15,,5,0,2,3,5,16,2,Group C,https://apiv3.apifootball.com/badges/484_indonesia.jpg,2517,3rd Round
AFC World Cup Qualifiers,international,4,22,AFC World Cup Qualifiers,2026,Worldcup,639,China,,5,10,3,0,7,7,20,9,14,,5,2,0,3,5,8,6,14,,5,1,0,4,2,12,3,Group C,https://apiv3.apifootball.com/badges/639_china-pr.jpg,2517,3rd Round
AFC World Cup Qualifiers,international,4,22,AFC World Cup Qualifiers,2026,Worldcup,643,Bahrain,,6,10,1,3,6,5,16,6,18,,5,0,2,3,4,12,2,12,,5,1,1,3,1,4,4,Group C,https://apiv3.apifootball.com/badges/643_bahrain.jpg,2517,3rd Round
AFC World Cup Qualifiers,international,4,22,AFC World Cup Qualifiers,2026,Worldcup,538,Qatar,Promotion - World Cup,1,2,1,1,0,2,1,4,1,,1,1,0,0,2,1,3,2,,1,0,1,0,0,0,1,Group A,https://apiv3.apifootball.com/badges/538_qatar.jpg,18716,Qualification - Fourth Stage
AFC World Cup Qualifiers,international,4,22,AFC World Cup Qualifiers,2026,Worldcup,650,United Arab Emirates,Promotion - World Cup (Fifth stage),2,2,1,0,1,3,3,3,2,,1,1,0,0,2,1,3,4,,1,0,0,1,1,2,0,Group A,https://apiv3.apifootball.com/badges/650_uae.jpg,18716,Qualification - Fourth Stage
AFC World Cup Qualifiers,international,4,22,AFC World Cup Qualifiers,2026,Worldcup,649,Oman,,3,2,0,1,1,1,2,1,4,,1,0,1,0,0,0,1,5,,1,0,0,1,1,2,0,Group A,https://apiv3.apifootball.com/badges/649_oman.jpg,18716,Qualification - Fourth Stage
AFC World Cup Qualifiers,international,4,22,AFC World Cup Qualifiers,2026,Worldcup,647,Saudi Arabia,Promotion - World Cup,1,2,1,1,0,3,2,4,5,,1,0,1,0,0,0,1,1,,1,1,0,0,3,2,3,Group B,https://apiv3.apifootball.com/badges/647_saudi-arabia.jpg,18716,Qualification - Fourth Stage
AFC World Cup Qualifiers,international,4,22,AFC World Cup Qualifiers,2026,Worldcup,642,Iraq,Promotion - World Cup (Fifth stage),2,2,1,1,0,1,0,4,3,,1,1,0,0,1,0,3,3,,1,0,1,0,0,0,1,Group B,https://apiv3.apifootball.com/badges/642_iraq.jpg,18716,Qualification - Fourth Stage
AFC World Cup Qualifiers,international,4,22,AFC World Cup Qualifiers,2026,Worldcup,484,Indonesia,,3,2,0,0,2,2,4,0,6,,1,0,0,1,2,3,0,6,,1,0,0,1,0,1,0,Group B,https://apiv3.apifootball.com/badges/484_indonesia.jpg,18716,Qualification - Fourth Stage
CAF World Cup Qualifiers,international,5,21,CAF World Cup Qualifiers,2026,Worldcup,610,Ethiopia,Promotion - World Championship,1,0,0,0,0,0,0,0,49,,0,0,0,0,0,0,0,49,,0,0,0,0,0,0,0,Group A,https://apiv3.apifootball.com/badges/610_ethiopia.jpg,1910,2nd Round
CAF World Cup Qualifiers,international,5,21,CAF World Cup Qualifiers,2026,Worldcup,620,Djibouti,Ranking of second-placed teams,2,0,0,0,0,0,0,0,34,,0,0,0,0,0,0,0,34,,0,0,0,0,0,0,0,Group A,https://apiv3.apifootball.com/badges/620_djibouti.jpg,1910,2nd Round
CAF World Cup Qualifiers,international,5,21,CAF World Cup Qualifiers,2026,Worldcup,625,Sierra Leone,,3,0,0,0,0,0,0,0,35,,0,0,0,0,0,0,0,35,,0,0,0,0,0,0,0,Group A,https://apiv3.apifootball.com/badges/625_sierra-leone.jpg,1910,2nd Round
CAF World Cup Qualifiers,international,5,21,CAF World Cup Qualifiers,2026,Worldcup,723,Burkina Faso,,4,0,0,0,0,0,0,0,36,,0,0,0,0,0,0,0,36,,0,0,0,0,0,0,0,Group A,https://apiv3.apifootball.com/badges/723_burkina-faso.jpg,1910,2nd Round
CAF World Cup Qualifiers,international,5,21,CAF World Cup Qualifiers,2026,Worldcup,716,Egypt,,5,0,0,0,0,0,0,0,37,,0,0,0,0,0,0,0,37,,0,0,0,0,0,0,0,Group A,https://apiv3.apifootball.com/badges/716_egypt.jpg,1910,2nd Round
CAF World Cup Qualifiers,international,5,21,CAF World Cup Qualifiers,2026,Worldcup,623,Guinea Bissau,,6,0,0,0,0,0,0,0,38,,0,0,0,0,0,0,0,38,,0,0,0,0,0,0,0,Group A,https://apiv3.apifootball.com/badges/623_guinea-bissau.jpg,1910,2nd Round
CAF World Cup Qualifiers,international,5,21,CAF World Cup Qualifiers,2026,Worldcup,720,Senegal,Promotion - World Championship,1,0,0,0,0,0,0,0,39,,0,0,0,0,0,0,0,39,,0,0,0,0,0,0,0,Group B,https://apiv3.apifootball.com/badges/720_senegal.jpg,1910,2nd Round
CAF World Cup Qualifiers,international,5,21,CAF World Cup Qualifiers,2026,Worldcup,730,Mauritania,Ranking of second-placed teams,2,0,0,0,0,0,0,0,40,,0,0,0,0,0,0,0,40,,0,0,0,0,0,0,0,Group B,https://apiv3.apifootball.com/badges/730_mauritania.jpg,1910,2nd Round
CAF World Cup Qualifiers,international,5,21,CAF World Cup Qualifiers,2026,Worldcup,728,D.R. Congo,,3,0,0,0,0,0,0,0,41,,0,0,0,0,0,0,0,41,,0,0,0,0,0,0,0,Group B,https://apiv3.apifootball.com/badges/728_congo-dr.jpg,1910,2nd Round
CAF World Cup Qualifiers,international,5,21,CAF World Cup Qualifiers,2026,Worldcup,633,Togo,,4,0,0,0,0,0,0,0,42,,0,0,0,0,0,0,0,42,,0,0,0,0,0,0,0,Group B,https://apiv3.apifootball.com/badges/633_togo.jpg,1910,2nd Round
CAF World Cup Qualifiers,international,5,21,CAF World Cup Qualifiers,2026,Worldcup,629,Sudan,,5,0,0,0,0,0,0,0,43,,0,0,0,0,0,0,0,43,,0,0,0,0,0,0,0,Group B,https://apiv3.apifootball.com/badges/629_sudan.jpg,1910,2nd Round
CAF World Cup Qualifiers,international,5,21,CAF World Cup Qualifiers,2026,Worldcup,616,South Sudan,,6,0,0,0,0,0,0,0,44,,0,0,0,0,0,0,0,44,,0,0,0,0,0,0,0,Group B,https://apiv3.apifootball.com/badges/616_south-sudan.jpg,1910,2nd Round
CAF World Cup Qualifiers,international,5,21,CAF World Cup Qualifiers,2026,Worldcup,726,South Africa,Promotion - World Championship,1,0,0,0,0,0,0,0,45,,0,0,0,0,0,0,0,45,,0,0,0,0,0,0,0,Group C,https://apiv3.apifootball.com/badges/726_south-africa.jpg,1910,2nd Round
CAF World Cup Qualifiers,international,5,21,CAF World Cup Qualifiers,2026,Worldcup,718,Nigeria,Ranking of second-placed teams,2,0,0,0,0,0,0,0,46,,0,0,0,0,0,0,0,46,,0,0,0,0,0,0,0,Group C,https://apiv3.apifootball.com/badges/718_nigeria.jpg,1910,2nd Round
CAF World Cup Qualifiers,international,5,21,CAF World Cup Qualifiers,2026,Worldcup,627,Rwanda,,3,0,0,0,0,0,0,0,47,,0,0,0,0,0,0,0,47,,0,0,0,0,0,0,0,Group C,https://apiv3.apifootball.com/badges/627_rwanda.jpg,1910,2nd Round
CAF World Cup Qualifiers,international,5,21,CAF World Cup Qualifiers,2026,Worldcup,611,Lesotho,,4,0,0,0,0,0,0,0,48,,0,0,0,0,0,0,0,48,,0,0,0,0,0,0,0,Group C,https://apiv3.apifootball.com/badges/611_lesotho.jpg,1910,2nd Round
CAF World Cup Qualifiers,international,5,21,CAF World Cup Qualifiers,2026,Worldcup,631,Zimbabwe,,5,0,0,0,0,0,0,0,33,,0,0,0,0,0,0,0,33,,0,0,0,0,0,0,0,Group C,https://apiv3.apifootball.com/badges/631_zimbabwe.jpg,1910,2nd Round
CAF World Cup Qualifiers,international,5,21,CAF World Cup Qualifiers,2026,Worldcup,741,Benin,,6,0,0,0,0,0,0,0,50,,0,0,0,0,0,0,0,50,,0,0,0,0,0,0,0,Group C,https://apiv3.apifootball.com/badges/741_benin.jpg,1910,2nd Round
CAF World Cup Qualifiers,international,5,21,CAF World Cup Qualifiers,2026,Worldcup,737,Libya,Promotion - World Championship,1,0,0,0,0,0,0,0,51,,0,0,0,0,0,0,0,51,,0,0,0,0,0,0,0,Group D,https://apiv3.apifootball.com/badges/737_libya.jpg,1910,2nd Round
CAF World Cup Qualifiers,international,5,21,CAF World Cup Qualifiers,2026,Worldcup,618,Mauritius,Ranking of second-placed teams,2,0,0,0,0,0,0,0,52,,0,0,0,0,0,0,0,52,,0,0,0,0,0,0,0,Group D,https://apiv3.apifootball.com/badges/618_mauritius.jpg,1910,2nd Round
CAF World Cup Qualifiers,international,5,21,CAF World Cup Qualifiers,2026,Worldcup,732,Cape Verde,,3,0,0,0,0,0,0,0,53,,0,0,0,0,0,0,0,53,,0,0,0,0,0,0,0,Group D,https://apiv3.apifootball.com/badges/732_cabo-verde.jpg,1910,2nd Round
CAF World Cup Qualifiers,international,5,21,CAF World Cup Qualifiers,2026,Worldcup,530,Cameroon,,4,0,0,0,0,0,0,0,54,,0,0,0,0,0,0,0,54,,0,0,0,0,0,0,0,Group D,https://apiv3.apifootball.com/badges/530_cameroon.jpg,1910,2nd Round
CAF World Cup Qualifiers,international,5,21,CAF World Cup Qualifiers,2026,Worldcup,729,Angola,,5,0,0,0,0,0,0,0,55,,0,0,0,0,0,0,0,55,,0,0,0,0,0,0,0,Group D,https://apiv3.apifootball.com/badges/729_angola.jpg,1910,2nd Round
CAF World Cup Qualifiers,international,5,21,CAF World Cup Qualifiers,2026,Worldcup,621,Eswatini,,6,0,0,0,0,0,0,0,56,,0,0,0,0,0,0,0,56,,0,0,0,0,0,0,0,Group D,https://apiv3.apifootball.com/badges/621_eswatini.jpg,1910,2nd Round
CAF World Cup Qualifiers,international,5,21,CAF World Cup Qualifiers,2026,Worldcup,717,Morocco,Promotion - World Championship,1,0,0,0,0,0,0,0,57,,0,0,0,0,0,0,0,57,,0,0,0,0,0,0,0,Group E,https://apiv3.apifootball.com/badges/717_morocco.jpg,1910,2nd Round
CAF World Cup Qualifiers,international,5,21,CAF World Cup Qualifiers,2026,Worldcup,613,Tanzania,Ranking of second-placed teams,2,0,0,0,0,0,0,0,58,,0,0,0,0,0,0,0,58,,0,0,0,0,0,0,0,Group E,https://apiv3.apifootball.com/badges/613_tanzania.jpg,1910,2nd Round
CAF World Cup Qualifiers,international,5,21,CAF World Cup Qualifiers,2026,Worldcup,736,Congo,,3,0,0,0,0,0,0,0,59,,0,0,0,0,0,0,0,59,,0,0,0,0,0,0,0,Group E,https://apiv3.apifootball.com/badges/736_congo.jpg,1910,2nd Round
CAF World Cup Qualifiers,international,5,21,CAF World Cup Qualifiers,2026,Worldcup,740,Niger,,4,0,0,0,0,0,0,0,60,,0,0,0,0,0,0,0,60,,0,0,0,0,0,0,0,Group E,https://apiv3.apifootball.com/badges/740_niger.jpg,1910,2nd Round
CAF World Cup Qualifiers,international,5,21,CAF World Cup Qualifiers,2026,Worldcup,735,Zambia,,5,0,0,0,0,0,0,0,61,,0,0,0,0,0,0,0,61,,0,0,0,0,0,0,0,Group E,https://apiv3.apifootball.com/badges/735_zambia.jpg,1910,2nd Round
CAF World Cup Qualifiers,international,5,21,CAF World Cup Qualifiers,2026,Worldcup,614,Eritrea,,6,0,0,0,0,0,0,0,62,,0,0,0,0,0,0,0,62,,0,0,0,0,0,0,0,Group E,https://apiv3.apifootball.com/badges/614_eritrea.jpg,1910,2nd Round
CAF World Cup Qualifiers,international,5,21,CAF World Cup Qualifiers,2026,Worldcup,626,Seychelles,Promotion - World Championship,1,0,0,0,0,0,0,0,63,,0,0,0,0,0,0,0,63,,0,0,0,0,0,0,0,Group F,https://apiv3.apifootball.com/badges/626_seychelles.jpg,1910,2nd Round
CAF World Cup Qualifiers,international,5,21,CAF World Cup Qualifiers,2026,Worldcup,612,Burundi,Ranking of second-placed teams,2,0,0,0,0,0,0,0,17,,0,0,0,0,0,0,0,17,,0,0,0,0,0,0,0,Group F,https://apiv3.apifootball.com/badges/612_burundi.jpg,1910,2nd Round
CAF World Cup Qualifiers,international,5,21,CAF World Cup Qualifiers,2026,Worldcup,733,Kenya,,3,0,0,0,0,0,0,0,2,,0,0,0,0,0,0,0,2,,0,0,0,0,0,0,0,Group F,https://apiv3.apifootball.com/badges/733_kenya.jpg,1910,2nd Round
CAF World Cup Qualifiers,international,5,21,CAF World Cup Qualifiers,2026,Worldcup,634,Gambia,,4,0,0,0,0,0,0,0,3,,0,0,0,0,0,0,0,3,,0,0,0,0,0,0,0,Group F,https://apiv3.apifootball.com/badges/634_gambia.jpg,1910,2nd Round
CAF World Cup Qualifiers,international,5,21,CAF World Cup Qualifiers,2026,Worldcup,727,Gabon,,5,0,0,0,0,0,0,0,4,,0,0,0,0,0,0,0,4,,0,0,0,0,0,0,0,Group F,https://apiv3.apifootball.com/badges/727_gabon.jpg,1910,2nd Round
CAF World Cup Qualifiers,international,5,21,CAF World Cup Qualifiers,2026,Worldcup,738,Ivory Coast,,6,0,0,0,0,0,0,0,5,,0,0,0,0,0,0,0,5,,0,0,0,0,0,0,0,Group F,https://apiv3.apifootball.com/badges/738_ivory-coast.jpg,1910,2nd Round
CAF World Cup Qualifiers,international,5,21,CAF World Cup Qualifiers,2026,Worldcup,734,Algeria,Promotion - World Championship,1,0,0,0,0,0,0,0,6,,0,0,0,0,0,0,0,6,,0,0,0,0,0,0,0,Group G,https://apiv3.apifootball.com/badges/734_algeria.jpg,1910,2nd Round
CAF World Cup Qualifiers,international,5,21,CAF World Cup Qualifiers,2026,Worldcup,636,Botswana,Ranking of second-placed teams,2,0,0,0,0,0,0,0,7,,0,0,0,0,0,0,0,7,,0,0,0,0,0,0,0,Group G,https://apiv3.apifootball.com/badges/636_botswana.jpg,1910,2nd Round
CAF World Cup Qualifiers,international,5,21,CAF World Cup Qualifiers,2026,Worldcup,619,Mozambique,,3,0,0,0,0,0,0,0,8,,0,0,0,0,0,0,0,8,,0,0,0,0,0,0,0,Group G,https://apiv3.apifootball.com/badges/619_mozambique.jpg,1910,2nd Round
CAF World Cup Qualifiers,international,5,21,CAF World Cup Qualifiers,2026,Worldcup,722,Guinea,,4,0,0,0,0,0,0,0,9,,0,0,0,0,0,0,0,9,,0,0,0,0,0,0,0,Group G,https://apiv3.apifootball.com/badges/722_guinea.jpg,1910,2nd Round
CAF World Cup Qualifiers,international,5,21,CAF World Cup Qualifiers,2026,Worldcup,724,Uganda,,5,0,0,0,0,0,0,0,10,,0,0,0,0,0,0,0,10,,0,0,0,0,0,0,0,Group G,https://apiv3.apifootball.com/badges/724_uganda.jpg,1910,2nd Round
CAF World Cup Qualifiers,international,5,21,CAF World Cup Qualifiers,2026,Worldcup,630,Somalia,,6,0,0,0,0,0,0,0,11,,0,0,0,0,0,0,0,11,,0,0,0,0,0,0,0,Group G,https://apiv3.apifootball.com/badges/630_somalia.jpg,1910,2nd Round
CAF World Cup Qualifiers,international,5,21,CAF World Cup Qualifiers,2026,Worldcup,637,Malawi,Promotion - World Championship,1,0,0,0,0,0,0,0,12,,0,0,0,0,0,0,0,12,,0,0,0,0,0,0,0,Group H,https://apiv3.apifootball.com/badges/637_malawi.jpg,1910,2nd Round
CAF World Cup Qualifiers,international,5,21,CAF World Cup Qualifiers,2026,Worldcup,615,Namibia,Ranking of second-placed teams,2,0,0,0,0,0,0,0,13,,0,0,0,0,0,0,0,13,,0,0,0,0,0,0,0,Group H,https://apiv3.apifootball.com/badges/615_namibia.jpg,1910,2nd Round
CAF World Cup Qualifiers,international,5,21,CAF World Cup Qualifiers,2026,Worldcup,617,Equatorial Guinea,,3,0,0,0,0,0,0,0,14,,0,0,0,0,0,0,0,14,,0,0,0,0,0,0,0,Group H,https://apiv3.apifootball.com/badges/617_equatorial-guinea.jpg,1910,2nd Round
CAF World Cup Qualifiers,international,5,21,CAF World Cup Qualifiers,2026,Worldcup,624,Liberia,,4,0,0,0,0,0,0,0,15,,0,0,0,0,0,0,0,15,,0,0,0,0,0,0,0,Group H,https://apiv3.apifootball.com/badges/624_liberia.jpg,1910,2nd Round
CAF World Cup Qualifiers,international,5,21,CAF World Cup Qualifiers,2026,Worldcup,719,Tunisia,,5,0,0,0,0,0,0,0,16,,0,0,0,0,0,0,0,16,,0,0,0,0,0,0,0,Group H,https://apiv3.apifootball.com/badges/719_tunisia.jpg,1910,2nd Round
CAF World Cup Qualifiers,international,5,21,CAF World Cup Qualifiers,2026,Worldcup,622,Sao Tome and Principe,,6,0,0,0,0,0,0,0,1,,0,0,0,0,0,0,0,1,,0,0,0,0,0,0,0,Group H,https://apiv3.apifootball.com/badges/622_sao-tome-e-principe.jpg,1910,2nd Round
CAF World Cup Qualifiers,international,5,21,CAF World Cup Qualifiers,2026,Worldcup,725,Ghana,Promotion - World Championship,1,0,0,0,0,0,0,0,18,,0,0,0,0,0,0,0,18,,0,0,0,0,0,0,0,Group I,https://apiv3.apifootball.com/badges/725_ghana.jpg,1910,2nd Round
CAF World Cup Qualifiers,international,5,21,CAF World Cup Qualifiers,2026,Worldcup,739,Madagascar,Ranking of second-placed teams,2,0,0,0,0,0,0,0,19,,0,0,0,0,0,0,0,19,,0,0,0,0,0,0,0,Group I,https://apiv3.apifootball.com/badges/739_madagascar.jpg,1910,2nd Round
CAF World Cup Qualifiers,international,5,21,CAF World Cup Qualifiers,2026,Worldcup,721,Mali,,3,0,0,0,0,0,0,0,20,,0,0,0,0,0,0,0,20,,0,0,0,0,0,0,0,Group I,https://apiv3.apifootball.com/badges/721_mali.jpg,1910,2nd Round
CAF World Cup Qualifiers,international,5,21,CAF World Cup Qualifiers,2026,Worldcup,628,Chad,,4,0,0,0,0,0,0,0,21,,0,0,0,0,0,0,0,21,,0,0,0,0,0,0,0,Group I,https://apiv3.apifootball.com/badges/628_chad.jpg,1910,2nd Round
CAF World Cup Qualifiers,international,5,21,CAF World Cup Qualifiers,2026,Worldcup,632,Comoros,,5,0,0,0,0,0,0,0,22,,0,0,0,0,0,0,0,22,,0,0,0,0,0,0,0,Group I,https://apiv3.apifootball.com/badges/632_comoros.jpg,1910,2nd Round
CAF World Cup Qualifiers,international,5,21,CAF World Cup Qualifiers,2026,Worldcup,731,Central Africa,,6,0,0,0,0,0,0,0,23,,0,0,0,0,0,0,0,23,,0,0,0,0,0,0,0,Group I,https://apiv3.apifootball.com/badges/731_central-african-republic.jpg,1910,2nd Round
CAF World Cup Qualifiers,international,5,21,CAF World Cup Qualifiers,2026,Worldcup,620,Djibouti,Promotion - World Championship (Second stage: ),1,0,0,0,0,0,0,0,24,,,,,,,,0,24,,,,,,,,0,Ranking of second-placed teams,https://apiv3.apifootball.com/badges/620_djibouti.jpg,1910,2nd Round
CAF World Cup Qualifiers,international,5,21,CAF World Cup Qualifiers,2026,Worldcup,618,Mauritius,Promotion - World Championship (Second stage: ),2,0,0,0,0,0,0,0,25,,,,,,,,0,25,,,,,,,,0,Ranking of second-placed teams,https://apiv3.apifootball.com/badges/618_mauritius.jpg,1910,2nd Round
CAF World Cup Qualifiers,international,5,21,CAF World Cup Qualifiers,2026,Worldcup,613,Tanzania,Promotion - World Championship (Second stage: ),3,0,0,0,0,0,0,0,26,,,,,,,,0,26,,,,,,,,0,Ranking of second-placed teams,https://apiv3.apifootball.com/badges/613_tanzania.jpg,1910,2nd Round
CAF World Cup Qualifiers,international,5,21,CAF World Cup Qualifiers,2026,Worldcup,612,Burundi,Promotion - World Championship (Second stage: ),4,0,0,0,0,0,0,0,27,,,,,,,,0,27,,,,,,,,0,Ranking of second-placed teams,https://apiv3.apifootball.com/badges/612_burundi.jpg,1910,2nd Round
CAF World Cup Qualifiers,international,5,21,CAF World Cup Qualifiers,2026,Worldcup,615,Namibia,,5,0,0,0,0,0,0,0,28,,,,,,,,0,28,,,,,,,,0,Ranking of second-placed teams,https://apiv3.apifootball.com/badges/615_namibia.jpg,1910,2nd Round
CAF World Cup Qualifiers,international,5,21,CAF World Cup Qualifiers,2026,Worldcup,718,Nigeria,,6,0,0,0,0,0,0,0,29,,,,,,,,0,29,,,,,,,,0,Ranking of second-placed teams,https://apiv3.apifootball.com/badges/718_nigeria.jpg,1910,2nd Round
CAF World Cup Qualifiers,international,5,21,CAF World Cup Qualifiers,2026,Worldcup,730,Mauritania,,7,0,0,0,0,0,0,0,30,,,,,,,,0,30,,,,,,,,0,Ranking of second-placed teams,https://apiv3.apifootball.com/badges/730_mauritania.jpg,1910,2nd Round
CAF World Cup Qualifiers,international,5,21,CAF World Cup Qualifiers,2026,Worldcup,739,Madagascar,,8,0,0,0,0,0,0,0,31,,,,,,,,0,31,,,,,,,,0,Ranking of second-placed teams,https://apiv3.apifootball.com/badges/739_madagascar.jpg,1910,2nd Round
CAF World Cup Qualifiers,international,5,21,CAF World Cup Qualifiers,2026,Worldcup,636,Botswana,,9,0,0,0,0,0,0,0,32,,,,,,,,0,32,,,,,,,,0,Ranking of second-placed teams,https://apiv3.apifootball.com/badges/636_botswana.jpg,1910,2nd Round
CAF World Cup Qualifiers,international,5,21,CAF World Cup Qualifiers,2026,Worldcup,716,Egypt,Promotion - World Cup (Promotion),1,10,8,2,0,20,2,26,3,,5,5,0,0,12,1,15,7,,5,3,2,0,8,1,11,Group A,https://apiv3.apifootball.com/badges/716_egypt.jpg,2513,Group stage
CAF World Cup Qualifiers,international,5,21,CAF World Cup Qualifiers,2026,Worldcup,723,Burkina Faso,Ranking of second-placed teams,2,10,6,3,1,23,8,21,17,,5,2,3,0,10,5,9,4,,5,4,0,1,13,3,12,Group A,https://apiv3.apifootball.com/badges/723_burkina-faso.jpg,2513,Group stage
CAF World Cup Qualifiers,international,5,21,CAF World Cup Qualifiers,2026,Worldcup,625,Sierra Leone,,3,10,4,3,3,12,10,15,22,,5,3,0,2,7,5,9,28,,5,1,3,1,5,5,6,Group A,https://apiv3.apifootball.com/badges/625_sierra-leone.jpg,2513,Group stage
CAF World Cup Qualifiers,international,5,21,CAF World Cup Qualifiers,2026,Worldcup,623,Guinea Bissau,,4,10,2,4,4,8,10,10,33,,5,1,3,1,5,4,6,36,,5,1,1,3,3,6,4,Group A,https://apiv3.apifootball.com/badges/623_guinea-bissau.jpg,2513,Group stage
CAF World Cup Qualifiers,international,5,21,CAF World Cup Qualifiers,2026,Worldcup,610,Ethiopia,,5,10,2,3,5,9,14,9,28,,5,2,1,2,7,6,7,45,,5,0,2,3,2,8,2,Group A,https://apiv3.apifootball.com/badges/610_ethiopia.jpg,2513,Group stage
CAF World Cup Qualifiers,international,5,21,CAF World Cup Qualifiers,2026,Worldcup,620,Djibouti,,6,10,0,1,9,5,33,1,50,,5,0,1,4,2,13,1,53,,5,0,0,5,3,20,0,Group A,https://apiv3.apifootball.com/badges/620_djibouti.jpg,2513,Group stage
CAF World Cup Qualifiers,international,5,21,CAF World Cup Qualifiers,2026,Worldcup,720,Senegal,Promotion - World Cup (Promotion),1,10,7,3,0,22,3,24,5,,5,4,1,0,13,1,13,8,,5,3,2,0,9,2,11,Group B,https://apiv3.apifootball.com/badges/720_senegal.jpg,2513,Group stage
CAF World Cup Qualifiers,international,5,21,CAF World Cup Qualifiers,2026,Worldcup,728,D.R. Congo,Ranking of second-placed teams,2,10,7,1,2,15,6,22,13,,5,4,0,1,7,3,12,10,,5,3,1,1,8,3,10,Group B,https://apiv3.apifootball.com/badges/728_congo-dr.jpg,2513,Group stage
CAF World Cup Qualifiers,international,5,21,CAF World Cup Qualifiers,2026,Worldcup,629,Sudan,,3,10,3,4,3,8,6,13,26,,5,1,4,0,3,2,7,27,,5,2,0,3,5,4,6,Group B,https://apiv3.apifootball.com/badges/629_sudan.jpg,2513,Group stage
CAF World Cup Qualifiers,international,5,21,CAF World Cup Qualifiers,2026,Worldcup,633,Togo,,4,10,1,5,4,5,10,8,34,,5,1,3,1,4,4,6,44,,5,0,2,3,1,6,2,Group B,https://apiv3.apifootball.com/badges/633_togo.jpg,2513,Group stage
CAF World Cup Qualifiers,international,5,21,CAF World Cup Qualifiers,2026,Worldcup,730,Mauritania,,5,10,1,4,5,4,13,7,40,,5,1,1,3,2,5,4,42,,5,0,3,2,2,8,3,Group B,https://apiv3.apifootball.com/badges/730_mauritania.jpg,2513,Group stage
CAF World Cup Qualifiers,international,5,21,CAF World Cup Qualifiers,2026,Worldcup,616,South Sudan,,6,10,0,5,5,3,19,5,48,,5,0,2,3,1,12,2,41,,5,0,3,2,2,7,3,Group B,https://apiv3.apifootball.com/badges/616_south-sudan.jpg,2513,Group stage
CAF World Cup Qualifiers,international,5,21,CAF World Cup Qualifiers,2026,Worldcup,726,South Africa,Promotion - World Cup (Promotion),1,10,5,3,2,15,9,18,15,,5,3,1,1,9,6,10,18,,5,2,2,1,6,3,8,Group C,https://apiv3.apifootball.com/badges/726_south-africa.jpg,2513,Group stage
CAF World Cup Qualifiers,international,5,21,CAF World Cup Qualifiers,2026,Worldcup,718,Nigeria,Ranking of second-placed teams,2,10,4,5,1,15,8,17,18,,5,2,3,0,8,3,9,19,,5,2,2,1,7,5,8,Group C,https://apiv3.apifootball.com/badges/718_nigeria.jpg,2513,Group stage
CAF World Cup Qualifiers,international,5,21,CAF World Cup Qualifiers,2026,Worldcup,741,Benin,,3,10,5,2,3,12,11,17,12,,5,4,0,1,8,3,12,35,,5,1,2,2,4,8,5,Group C,https://apiv3.apifootball.com/badges/741_benin.jpg,2513,Group stage
CAF World Cup Qualifiers,international,5,21,CAF World Cup Qualifiers,2026,Worldcup,611,Lesotho,,4,10,3,3,4,9,12,12,41,,5,1,1,3,2,6,4,20,,5,2,2,1,7,6,8,Group C,https://apiv3.apifootball.com/badges/611_lesotho.jpg,2513,Group stage
CAF World Cup Qualifiers,international,5,21,CAF World Cup Qualifiers,2026,Worldcup,627,Rwanda,,5,10,3,2,5,5,9,11,38,,5,1,2,2,3,4,5,33,,5,2,0,3,2,5,6,Group C,https://apiv3.apifootball.com/badges/627_rwanda.jpg,2513,Group stage
CAF World Cup Qualifiers,international,5,21,CAF World Cup Qualifiers,2026,Worldcup,631,Zimbabwe,,6,10,0,5,5,5,12,5,46,,5,0,3,2,3,6,3,43,,5,0,2,3,2,6,2,Group C,https://apiv3.apifootball.com/badges/631_zimbabwe.jpg,2513,Group stage
CAF World Cup Qualifiers,international,5,21,CAF World Cup Qualifiers,2026,Worldcup,732,Cape Verde,Promotion - World Cup (Promotion),1,10,7,2,1,16,8,23,8,,5,4,1,0,6,0,13,11,,5,3,1,1,10,8,10,Group D,https://apiv3.apifootball.com/badges/732_cabo-verde.jpg,2513,Group stage
CAF World Cup Qualifiers,international,5,21,CAF World Cup Qualifiers,2026,Worldcup,530,Cameroon,Ranking of second-placed teams,2,10,5,4,1,17,5,19,6,,5,4,1,0,13,2,13,26,,5,1,3,1,4,3,6,Group D,https://apiv3.apifootball.com/badges/530_cameroon.jpg,2513,Group stage
CAF World Cup Qualifiers,international,5,21,CAF World Cup Qualifiers,2026,Worldcup,737,Libya,,3,10,4,4,2,12,10,16,20,,5,2,3,0,9,6,9,23,,5,2,1,2,3,4,7,Group D,https://apiv3.apifootball.com/badges/737_libya.jpg,2513,Group stage
CAF World Cup Qualifiers,international,5,21,CAF World Cup Qualifiers,2026,Worldcup,729,Angola,,4,10,2,6,2,9,8,12,27,,5,2,1,2,6,5,7,34,,5,0,5,0,3,3,5,Group D,https://apiv3.apifootball.com/badges/729_angola.jpg,2513,Group stage
CAF World Cup Qualifiers,international,5,21,CAF World Cup Qualifiers,2026,Worldcup,618,Mauritius,,5,10,1,3,6,7,17,6,39,,5,1,2,2,2,5,5,46,,5,0,1,4,5,12,1,Group D,https://apiv3.apifootball.com/badges/618_mauritius.jpg,2513,Group stage
CAF World Cup Qualifiers,international,5,21,CAF World Cup Qualifiers,2026,Worldcup,621,Eswatini,,6,10,0,3,7,6,19,3,45,,5,0,3,2,5,8,3,50,,5,0,0,5,1,11,0,Group D,https://apiv3.apifootball.com/badges/621_eswatini.jpg,2513,Group stage
CAF World Cup Qualifiers,international,5,21,CAF World Cup Qualifiers,2026,Worldcup,717,Morocco,Promotion - World Cup (Promotion),1,8,8,0,0,22,2,24,9,,4,4,0,0,10,1,12,3,,4,4,0,0,12,1,12,Group E,https://apiv3.apifootball.com/badges/717_morocco.jpg,2513,Group stage
CAF World Cup Qualifiers,international,5,21,CAF World Cup Qualifiers,2026,Worldcup,740,Niger,Ranking of second-placed teams,2,8,5,0,3,11,10,15,32,,4,2,0,2,6,5,6,15,,4,3,0,1,5,5,9,Group E,https://apiv3.apifootball.com/badges/740_niger.jpg,2513,Group stage
CAF World Cup Qualifiers,international,5,21,CAF World Cup Qualifiers,2026,Worldcup,613,Tanzania,,3,8,3,1,4,6,7,10,43,,4,1,0,3,3,4,3,22,,4,2,1,1,3,3,7,Group E,https://apiv3.apifootball.com/badges/613_tanzania.jpg,2513,Group stage
CAF World Cup Qualifiers,international,5,21,CAF World Cup Qualifiers,2026,Worldcup,735,Zambia,,4,8,3,0,5,10,10,9,44,,4,1,0,3,4,6,3,25,,4,2,0,2,6,4,6,Group E,https://apiv3.apifootball.com/badges/735_zambia.jpg,2513,Group stage
CAF World Cup Qualifiers,international,5,21,CAF World Cup Qualifiers,2026,Worldcup,736,Congo,,5,8,0,1,7,4,24,1,51,,4,0,1,3,1,13,1,49,,4,0,0,4,3,11,0,Group E,https://apiv3.apifootball.com/badges/736_congo.jpg,2513,Group stage
CAF World Cup Qualifiers,international,5,21,CAF World Cup Qualifiers,2026,Worldcup,614,Eritrea,,6,0,0,0,0,0,0,0,52,,0,0,0,0,0,0,0,48,,0,0,0,0,0,0,0,Group E,https://apiv3.apifootball.com/badges/614_eritrea.jpg,2513,Group stage
CAF World Cup Qualifiers,international,5,21,CAF World Cup Qualifiers,2026,Worldcup,738,Ivory Coast,Promotion - World Cup (Promotion),1,10,8,2,0,25,0,26,1,,5,5,0,0,15,0,15,6,,5,3,2,0,10,0,11,Group F,https://apiv3.apifootball.com/badges/738_ivory-coast.jpg,2513,Group stage
CAF World Cup Qualifiers,international,5,21,CAF World Cup Qualifiers,2026,Worldcup,727,Gabon,Ranking of second-placed teams,2,10,8,1,1,22,9,25,7,,5,4,1,0,10,3,13,5,,5,4,0,1,12,6,12,Group F,https://apiv3.apifootball.com/badges/727_gabon.jpg,2513,Group stage
CAF World Cup Qualifiers,international,5,21,CAF World Cup Qualifiers,2026,Worldcup,634,Gambia,,3,10,4,1,5,27,18,13,25,,5,2,1,2,13,10,7,24,,5,2,0,3,14,8,6,Group F,https://apiv3.apifootball.com/badges/634_gambia.jpg,2513,Group stage
CAF World Cup Qualifiers,international,5,21,CAF World Cup Qualifiers,2026,Worldcup,733,Kenya,,4,10,3,3,4,18,14,12,37,,5,1,2,2,8,6,5,21,,5,2,1,2,10,8,7,Group F,https://apiv3.apifootball.com/badges/733_kenya.jpg,2513,Group stage
CAF World Cup Qualifiers,international,5,21,CAF World Cup Qualifiers,2026,Worldcup,612,Burundi,,5,10,3,1,6,13,13,10,30,,5,2,0,3,9,6,6,38,,5,1,1,3,4,7,4,Group F,https://apiv3.apifootball.com/badges/612_burundi.jpg,2513,Group stage
CAF World Cup Qualifiers,international,5,21,CAF World Cup Qualifiers,2026,Worldcup,626,Seychelles,,6,10,0,0,10,2,53,0,54,,5,0,0,5,1,26,0,54,,5,0,0,5,1,27,0,Group F,https://apiv3.apifootball.com/badges/626_seychelles.jpg,2513,Group stage
CAF World Cup Qualifiers,international,5,21,CAF World Cup Qualifiers,2026,Worldcup,734,Algeria,Promotion - World Cup (Promotion),1,10,8,1,1,24,8,25,10,,5,4,0,1,14,6,12,2,,5,4,1,0,10,2,13,Group G,https://apiv3.apifootball.com/badges/734_algeria.jpg,2513,Group stage
CAF World Cup Qualifiers,international,5,21,CAF World Cup Qualifiers,2026,Worldcup,724,Uganda,Ranking of second-placed teams,2,10,6,0,4,14,9,18,11,,5,4,0,1,9,2,12,32,,5,2,0,3,5,7,6,Group G,https://apiv3.apifootball.com/badges/724_uganda.jpg,2513,Group stage
CAF World Cup Qualifiers,international,5,21,CAF World Cup Qualifiers,2026,Worldcup,619,Mozambique,,3,10,6,0,4,14,17,18,21,,5,3,0,2,8,6,9,16,,5,3,0,2,6,11,9,Group G,https://apiv3.apifootball.com/badges/619_mozambique.jpg,2513,Group stage
CAF World Cup Qualifiers,international,5,21,CAF World Cup Qualifiers,2026,Worldcup,722,Guinea,,4,10,4,3,3,11,8,15,35,,5,1,3,1,4,4,6,13,,5,3,0,2,7,4,9,Group G,https://apiv3.apifootball.com/badges/722_guinea.jpg,2513,Group stage
CAF World Cup Qualifiers,international,5,21,CAF World Cup Qualifiers,2026,Worldcup,636,Botswana,,5,10,3,1,6,12,16,10,36,,5,2,0,3,6,7,6,37,,5,1,1,3,6,9,4,Group G,https://apiv3.apifootball.com/badges/636_botswana.jpg,2513,Group stage
CAF World Cup Qualifiers,international,5,21,CAF World Cup Qualifiers,2026,Worldcup,630,Somalia,,6,10,0,1,9,3,20,1,53,,5,0,0,5,1,11,0,47,,5,0,1,4,2,9,1,Group G,https://apiv3.apifootball.com/badges/630_somalia.jpg,2513,Group stage
CAF World Cup Qualifiers,international,5,21,CAF World Cup Qualifiers,2026,Worldcup,719,Tunisia,Promotion - World Cup (Promotion),1,10,9,1,0,22,0,28,2,,5,5,0,0,13,0,15,1,,5,4,1,0,9,0,13,Group H,https://apiv3.apifootball.com/badges/719_tunisia.jpg,2513,Group stage
CAF World Cup Qualifiers,international,5,21,CAF World Cup Qualifiers,2026,Worldcup,615,Namibia,Ranking of second-placed teams,2,10,4,3,3,13,10,15,31,,5,1,3,1,6,4,6,14,,5,3,0,2,7,6,9,Group H,https://apiv3.apifootball.com/badges/615_namibia.jpg,2513,Group stage
CAF World Cup Qualifiers,international,5,21,CAF World Cup Qualifiers,2026,Worldcup,624,Liberia,,3,10,4,3,3,13,11,15,19,,5,3,0,2,8,4,9,31,,5,1,3,1,5,7,6,Group H,https://apiv3.apifootball.com/badges/624_liberia.jpg,2513,Group stage
CAF World Cup Qualifiers,international,5,21,CAF World Cup Qualifiers,2026,Worldcup,637,Malawi,,4,10,4,1,5,11,10,13,24,,5,2,1,2,8,5,7,30,,5,2,0,3,3,5,6,Group H,https://apiv3.apifootball.com/badges/637_malawi.jpg,2513,Group stage
CAF World Cup Qualifiers,international,5,21,CAF World Cup Qualifiers,2026,Worldcup,617,Equatorial Guinea,,5,10,3,2,5,8,15,11,29,,5,2,1,2,4,5,7,40,,5,1,1,3,4,10,4,Group H,https://apiv3.apifootball.com/badges/617_equatorial-guinea.jpg,2513,Group stage
CAF World Cup Qualifiers,international,5,21,CAF World Cup Qualifiers,2026,Worldcup,622,Sao Tome and Principe,,6,10,1,0,9,5,26,3,47,,5,1,0,4,3,12,3,52,,5,0,0,5,2,14,0,Group H,https://apiv3.apifootball.com/badges/622_sao-tome-e-principe.jpg,2513,Group stage
CAF World Cup Qualifiers,international,5,21,CAF World Cup Qualifiers,2026,Worldcup,725,Ghana,Promotion - World Cup (Promotion),1,10,8,1,1,23,6,25,4,,5,5,0,0,12,3,15,9,,5,3,1,1,11,3,10,Group I,https://apiv3.apifootball.com/badges/725_ghana.jpg,2513,Group stage
CAF World Cup Qualifiers,international,5,21,CAF World Cup Qualifiers,2026,Worldcup,739,Madagascar,Ranking of second-placed teams,2,10,6,1,3,17,12,19,16,,5,3,1,1,7,5,10,12,,5,3,0,2,10,7,9,Group I,https://apiv3.apifootball.com/badges/739_madagascar.jpg,2513,Group stage
CAF World Cup Qualifiers,international,5,21,CAF World Cup Qualifiers,2026,Worldcup,721,Mali,,3,10,5,3,2,17,6,18,14,,5,3,1,1,12,5,10,17,,5,2,2,1,5,1,8,Group I,https://apiv3.apifootball.com/badges/721_mali.jpg,2513,Group stage
CAF World Cup Qualifiers,international,5,21,CAF World Cup Qualifiers,2026,Worldcup,632,Comoros,,4,10,5,0,5,12,13,15,23,,5,3,0,2,7,7,9,29,,5,2,0,3,5,6,6,Group I,https://apiv3.apifootball.com/badges/632_comoros.jpg,2513,Group stage
CAF World Cup Qualifiers,international,5,21,CAF World Cup Qualifiers,2026,Worldcup,731,Central Africa,,5,10,2,2,6,11,24,8,42,,5,1,1,3,2,11,4,39,,5,1,1,3,9,13,4,Group I,https://apiv3.apifootball.com/badges/731_central-african-republic.jpg,2513,Group stage
CAF World Cup Qualifiers,international,5,21,CAF World Cup Qualifiers,2026,Worldcup,628,Chad,,6,10,0,1,9,5,24,1,49,,5,0,1,4,3,11,1,51,,5,0,0,5,2,13,0,Group I,https://apiv3.apifootball.com/badges/628_chad.jpg,2513,Group stage
CAF World Cup Qualifiers,international,5,21,CAF World Cup Qualifiers,2026,Worldcup,727,Gabon,Promotion - World Cup (Promotion),1,8,6,1,1,15,9,19,,,,,,,,,,,,,,,,,,,Ranking of second-placed teams,https://apiv3.apifootball.com/badges/727_gabon.jpg,2513,Group stage
CAF World Cup Qualifiers,international,5,21,CAF World Cup Qualifiers,2026,Worldcup,728,D.R. Congo,Promotion - World Cup (Promotion),2,8,5,1,2,10,5,16,,,,,,,,,,,,,,,,,,,Ranking of second-placed teams,https://apiv3.apifootball.com/badges/728_congo-dr.jpg,2513,Group stage
CAF World Cup Qualifiers,international,5,21,CAF World Cup Qualifiers,2026,Worldcup,530,Cameroon,Promotion - World Cup (Promotion),3,8,4,3,1,14,5,15,,,,,,,,,,,,,,,,,,,Ranking of second-placed teams,https://apiv3.apifootball.com/badges/530_cameroon.jpg,2513,Group stage
CAF World Cup Qualifiers,international,5,21,CAF World Cup Qualifiers,2026,Worldcup,718,Nigeria,Promotion - World Cup (Promotion),4,8,4,3,1,13,6,15,,,,,,,,,,,,,,,,,,,Ranking of second-placed teams,https://apiv3.apifootball.com/badges/718_nigeria.jpg,2513,Group stage
CAF World Cup Qualifiers,international,5,21,CAF World Cup Qualifiers,2026,Worldcup,723,Burkina Faso,,5,8,4,3,1,13,7,15,,,,,,,,,,,,,,,,,,,Ranking of second-placed teams,https://apiv3.apifootball.com/badges/723_burkina-faso.jpg,2513,Group stage
CAF World Cup Qualifiers,international,5,21,CAF World Cup Qualifiers,2026,Worldcup,740,Niger,,6,8,5,0,3,11,10,15,,,,,,,,,,,,,,,,,,,Ranking of second-placed teams,https://apiv3.apifootball.com/badges/740_niger.jpg,2513,Group stage
CAF World Cup Qualifiers,international,5,21,CAF World Cup Qualifiers,2026,Worldcup,739,Madagascar,,7,8,4,1,3,11,11,13,,,,,,,,,,,,,,,,,,,Ranking of second-placed teams,https://apiv3.apifootball.com/badges/739_madagascar.jpg,2513,Group stage
CAF World Cup Qualifiers,international,5,21,CAF World Cup Qualifiers,2026,Worldcup,724,Uganda,,8,8,4,0,4,11,9,12,,,,,,,,,,,,,,,,,,,Ranking of second-placed teams,https://apiv3.apifootball.com/badges/724_uganda.jpg,2513,Group stage
CAF World Cup Qualifiers,international,5,21,CAF World Cup Qualifiers,2026,Worldcup,615,Namibia,,9,8,2,3,3,8,10,9,,,,,,,,,,,,,,,,,,,Ranking of second-placed teams,https://apiv3.apifootball.com/badges/615_namibia.jpg,2513,Group stage
Concacaf World Cup Qualifiers,international,6,23,Concacaf World Cup Qualifiers,2026,Worldcup,522,Honduras,Promotion - World Cup (Third stage: ),1,4,4,0,0,12,2,12,,,,,,,,,,,,,,,,,,,Group A,https://apiv3.apifootball.com/badges/522_honduras.jpg,441,2nd Round
Concacaf World Cup Qualifiers,international,6,23,Concacaf World Cup Qualifiers,2026,Worldcup,517,Bermuda,Promotion - World Cup (Third stage: ),2,4,2,1,1,9,8,7,,,,,,,,,,,,,,,,,,,Group A,https://apiv3.apifootball.com/badges/517_bermuda.jpg,441,2nd Round
Concacaf World Cup Qualifiers,international,6,23,Concacaf World Cup Qualifiers,2026,Worldcup,514,Cuba,,3,4,2,0,2,6,5,6,,,,,,,,,,,,,,,,,,,Group A,https://apiv3.apifootball.com/badges/514_cuba.jpg,441,2nd Round
Concacaf World Cup Qualifiers,international,6,23,Concacaf World Cup Qualifiers,2026,Worldcup,661,Cayman Islands,,4,4,1,0,3,1,9,3,,,,,,,,,,,,,,,,,,,Group A,https://apiv3.apifootball.com/badges/661_cayman-islands.jpg,441,2nd Round
Concacaf World Cup Qualifiers,international,6,23,Concacaf World Cup Qualifiers,2026,Worldcup,655,Antigua and Barbuda,,5,4,0,1,3,1,5,1,,,,,,,,,,,,,,,,,,,Group A,https://apiv3.apifootball.com/badges/655_antigua-and-barbuda.jpg,441,2nd Round
Concacaf World Cup Qualifiers,international,6,23,Concacaf World Cup Qualifiers,2026,Worldcup,516,Costa Rica,Promotion - World Cup (Third stage: ),1,4,4,0,0,17,1,12,,,,,,,,,,,,,,,,,,,Group B,https://apiv3.apifootball.com/badges/516_costa-rica.jpg,441,2nd Round
Concacaf World Cup Qualifiers,international,6,23,Concacaf World Cup Qualifiers,2026,Worldcup,526,Trinidad & Tobago,Promotion - World Cup (Third stage: ),2,4,2,1,1,16,7,7,,,,,,,,,,,,,,,,,,,Group B,https://apiv3.apifootball.com/badges/526_trinidad-and-tobago.jpg,441,2nd Round
Concacaf World Cup Qualifiers,international,6,23,Concacaf World Cup Qualifiers,2026,Worldcup,657,Grenada,,3,4,2,1,1,11,7,7,,,,,,,,,,,,,,,,,,,Group B,https://apiv3.apifootball.com/badges/657_grenada.jpg,441,2nd Round
Concacaf World Cup Qualifiers,international,6,23,Concacaf World Cup Qualifiers,2026,Worldcup,671,Saint Kitts and Nevis,,4,4,1,0,3,5,13,3,,,,,,,,,,,,,,,,,,,Group B,https://apiv3.apifootball.com/badges/671_st.-kitts-and-nevis.jpg,441,2nd Round
Concacaf World Cup Qualifiers,international,6,23,Concacaf World Cup Qualifiers,2026,Worldcup,672,Bahamas,,5,4,0,0,4,1,22,0,,,,,,,,,,,,,,,,,,,Group B,https://apiv3.apifootball.com/badges/672_bahamas.jpg,441,2nd Round
Concacaf World Cup Qualifiers,international,6,23,Concacaf World Cup Qualifiers,2026,Worldcup,520,Curacao,Promotion - World Cup (Third stage: ),1,4,4,0,0,15,2,12,,,,,,,,,,,,,,,,,,,Group C,https://apiv3.apifootball.com/badges/520_curacao.jpg,441,2nd Round
Concacaf World Cup Qualifiers,international,6,23,Concacaf World Cup Qualifiers,2026,Worldcup,515,Haiti,Promotion - World Cup (Third stage: ),2,4,3,0,1,11,7,9,,,,,,,,,,,,,,,,,,,Group C,https://apiv3.apifootball.com/badges/515_haiti.jpg,441,2nd Round
Concacaf World Cup Qualifiers,international,6,23,Concacaf World Cup Qualifiers,2026,Worldcup,674,Saint Lucia,,3,4,1,1,2,5,9,4,,,,,,,,,,,,,,,,,,,Group C,https://apiv3.apifootball.com/badges/674_st.-lucia.jpg,441,2nd Round
Concacaf World Cup Qualifiers,international,6,23,Concacaf World Cup Qualifiers,2026,Worldcup,660,Aruba,,4,4,0,2,2,3,10,2,,,,,,,,,,,,,,,,,,,Group C,https://apiv3.apifootball.com/badges/660_aruba.jpg,441,2nd Round
Concacaf World Cup Qualifiers,international,6,23,Concacaf World Cup Qualifiers,2026,Worldcup,666,Barbados,,5,4,0,1,3,4,10,1,,,,,,,,,,,,,,,,,,,Group C,https://apiv3.apifootball.com/badges/666_barbados.jpg,441,2nd Round
Concacaf World Cup Qualifiers,international,6,23,Concacaf World Cup Qualifiers,2026,Worldcup,524,Panama,Promotion - World Cup (Third stage: ),1,4,4,0,0,10,1,12,,,,,,,,,,,,,,,,,,,Group D,https://apiv3.apifootball.com/badges/524_panama.jpg,441,2nd Round
Concacaf World Cup Qualifiers,international,6,23,Concacaf World Cup Qualifiers,2026,Worldcup,518,Nicaragua,Promotion - World Cup (Third stage: ),2,4,3,0,1,9,4,9,,,,,,,,,,,,,,,,,,,Group D,https://apiv3.apifootball.com/badges/518_nicaragua.jpg,441,2nd Round
Concacaf World Cup Qualifiers,international,6,23,Concacaf World Cup Qualifiers,2026,Worldcup,525,Guyana,,3,4,2,0,2,6,4,6,,,,,,,,,,,,,,,,,,,Group D,https://apiv3.apifootball.com/badges/525_guyana.jpg,441,2nd Round
Concacaf World Cup Qualifiers,international,6,23,Concacaf World Cup Qualifiers,2026,Worldcup,656,Montserrat,,4,4,1,0,3,3,10,3,,,,,,,,,,,,,,,,,,,Group D,https://apiv3.apifootball.com/badges/656_montserrat.jpg,441,2nd Round
Concacaf World Cup Qualifiers,international,6,23,Concacaf World Cup Qualifiers,2026,Worldcup,669,Belize,,5,4,0,0,4,1,10,0,,,,,,,,,,,,,,,,,,,Group D,https://apiv3.apifootball.com/badges/669_belize.jpg,441,2nd Round
Concacaf World Cup Qualifiers,international,6,23,Concacaf World Cup Qualifiers,2026,Worldcup,519,Jamaica,Promotion - World Cup (Third stage: ),1,4,4,0,0,8,2,12,,,,,,,,,,,,,,,,,,,Group E,https://apiv3.apifootball.com/badges/519_jamaica.jpg,441,2nd Round
Concacaf World Cup Qualifiers,international,6,23,Concacaf World Cup Qualifiers,2026,Worldcup,662,Guatemala,Promotion - World Cup (Third stage: ),2,4,3,0,1,13,5,9,,,,,,,,,,,,,,,,,,,Group E,https://apiv3.apifootball.com/badges/662_guatemala.jpg,441,2nd Round
Concacaf World Cup Qualifiers,international,6,23,Concacaf World Cup Qualifiers,2026,Worldcup,665,Dominican Republic,,3,4,2,0,2,11,5,6,,,,,,,,,,,,,,,,,,,Group E,https://apiv3.apifootball.com/badges/665_dominican-republic.jpg,441,2nd Round
Concacaf World Cup Qualifiers,international,6,23,Concacaf World Cup Qualifiers,2026,Worldcup,668,Dominica,,4,4,1,0,3,5,14,3,,,,,,,,,,,,,,,,,,,Group E,https://apiv3.apifootball.com/badges/668_dominica.jpg,441,2nd Round
Concacaf World Cup Qualifiers,international,6,23,Concacaf World Cup Qualifiers,2026,Worldcup,663,British Virgin Islands,,5,4,0,0,4,0,11,0,,,,,,,,,,,,,,,,,,,Group E,https://apiv3.apifootball.com/badges/663_british-virgin-islands.jpg,441,2nd Round
Concacaf World Cup Qualifiers,international,6,23,Concacaf World Cup Qualifiers,2026,Worldcup,659,Suriname,Promotion - World Cup (Third stage: ),1,4,3,1,0,10,2,10,,,,,,,,,,,,,,,,,,,Group F,https://apiv3.apifootball.com/badges/659_suriname.jpg,441,2nd Round
Concacaf World Cup Qualifiers,international,6,23,Concacaf World Cup Qualifiers,2026,Worldcup,521,El Salvador,Promotion - World Cup (Third stage: ),2,4,2,2,0,7,2,8,,,,,,,,,,,,,,,,,,,Group F,https://apiv3.apifootball.com/badges/521_el-salvador.jpg,441,2nd Round
Concacaf World Cup Qualifiers,international,6,23,Concacaf World Cup Qualifiers,2026,Worldcup,673,Puerto Rico,,3,4,2,1,1,10,2,7,,,,,,,,,,,,,,,,,,,Group F,https://apiv3.apifootball.com/badges/673_puerto-rico.jpg,441,2nd Round
Concacaf World Cup Qualifiers,international,6,23,Concacaf World Cup Qualifiers,2026,Worldcup,664,Saint Vincent and the Grenadines,,4,4,1,0,3,9,9,3,,,,,,,,,,,,,,,,,,,Group F,https://apiv3.apifootball.com/badges/664_st.-vincent--grenadines.jpg,441,2nd Round
Concacaf World Cup Qualifiers,international,6,23,Concacaf World Cup Qualifiers,2026,Worldcup,667,Anguilla,,5,4,0,0,4,0,21,0,,,,,,,,,,,,,,,,,,,Group F,https://apiv3.apifootball.com/badges/667_anguilla.jpg,441,2nd Round
Concacaf World Cup Qualifiers,international,6,23,Concacaf World Cup Qualifiers,2026,Worldcup,727,Gabon,Promotion - World Cup (Promotion: ),1,8,6,1,1,15,9,19,,,,,,,,,,,,,,,,,,,,https://apiv3.apifootball.com/badges/727_gabon.jpg,19696,Qualification - Third Stage
Concacaf World Cup Qualifiers,international,6,23,Concacaf World Cup Qualifiers,2026,Worldcup,728,D.R. Congo,Promotion - World Cup (Promotion: ),2,8,5,1,2,10,5,16,,,,,,,,,,,,,,,,,,,,https://apiv3.apifootball.com/badges/728_congo-dr.jpg,19696,Qualification - Third Stage
Concacaf World Cup Qualifiers,international,6,23,Concacaf World Cup Qualifiers,2026,Worldcup,530,Cameroon,Promotion - World Cup (Promotion: ),3,8,4,3,1,14,5,15,,,,,,,,,,,,,,,,,,,,https://apiv3.apifootball.com/badges/530_cameroon.jpg,19696,Qualification - Third Stage
Concacaf World Cup Qualifiers,international,6,23,Concacaf World Cup Qualifiers,2026,Worldcup,718,Nigeria,Promotion - World Cup (Promotion: ),4,8,4,3,1,13,6,15,,,,,,,,,,,,,,,,,,,,https://apiv3.apifootball.com/badges/718_nigeria.jpg,19696,Qualification - Third Stage
Concacaf World Cup Qualifiers,international,6,23,Concacaf World Cup Qualifiers,2026,Worldcup,723,Burkina Faso,,5,8,4,3,1,13,7,15,,,,,,,,,,,,,,,,,,,,https://apiv3.apifootball.com/badges/723_burkina-faso.jpg,19696,Qualification - Third Stage
Concacaf World Cup Qualifiers,international,6,23,Concacaf World Cup Qualifiers,2026,Worldcup,740,Niger,,6,8,5,0,3,11,10,15,,,,,,,,,,,,,,,,,,,,https://apiv3.apifootball.com/badges/740_niger.jpg,19696,Qualification - Third Stage
Concacaf World Cup Qualifiers,international,6,23,Concacaf World Cup Qualifiers,2026,Worldcup,739,Madagascar,,7,8,4,1,3,11,11,13,,,,,,,,,,,,,,,,,,,,https://apiv3.apifootball.com/badges/739_madagascar.jpg,19696,Qualification - Third Stage
Concacaf World Cup Qualifiers,international,6,23,Concacaf World Cup Qualifiers,2026,Worldcup,724,Uganda,,8,8,4,0,4,11,9,12,,,,,,,,,,,,,,,,,,,,https://apiv3.apifootball.com/badges/724_uganda.jpg,19696,Qualification - Third Stage
Concacaf World Cup Qualifiers,international,6,23,Concacaf World Cup Qualifiers,2026,Worldcup,615,Namibia,,9,8,2,3,3,8,10,9,,,,,,,,,,,,,,,,,,,,https://apiv3.apifootball.com/badges/615_namibia.jpg,19696,Qualification - Third Stage
Concacaf World Cup Qualifiers,international,6,23,Concacaf World Cup Qualifiers,2026,Worldcup,519,Jamaica,Promotion - World Cup (Promotion: ),1,6,3,2,1,11,3,11,,,,,,,,,,,,,,,,,,,Group D,https://apiv3.apifootball.com/badges/519_jamaica.jpg,19696,Qualification - Third Stage
Concacaf World Cup Qualifiers,international,6,23,Concacaf World Cup Qualifiers,2026,Worldcup,659,Suriname,Promotion - World Cup (Promotion: ),2,6,2,3,1,9,6,9,,,,,,,,,,,,,,,,,,,Group D,https://apiv3.apifootball.com/badges/659_suriname.jpg,19696,Qualification - Third Stage
Concacaf World Cup Qualifiers,international,6,23,Concacaf World Cup Qualifiers,2026,Worldcup,522,Honduras,,3,6,2,3,1,5,2,9,,,,,,,,,,,,,,,,,,,Group D,https://apiv3.apifootball.com/badges/522_honduras.jpg,19696,Qualification - Third Stage
Concacaf World Cup Qualifiers,international,6,23,Concacaf World Cup Qualifiers,2026,Worldcup,524,Panama,Promotion - World Cup,1,6,3,3,0,9,4,12,6,,3,1,2,0,5,2,5,1,,3,2,1,0,4,2,7,Group A,https://apiv3.apifootball.com/badges/524_panama.jpg,19696,Qualification - Third Stage
Concacaf World Cup Qualifiers,international,6,23,Concacaf World Cup Qualifiers,2026,Worldcup,659,Suriname,Promotion - World Cup (Promotion),2,6,2,3,1,9,6,9,5,,3,1,2,0,5,1,5,7,,3,1,1,1,4,5,4,Group A,https://apiv3.apifootball.com/badges/659_suriname.jpg,19696,Qualification - Third Stage
Concacaf World Cup Qualifiers,international,6,23,Concacaf World Cup Qualifiers,2026,Worldcup,662,Guatemala,,3,6,2,2,2,8,7,8,9,,3,1,0,2,5,5,3,3,,3,1,2,0,3,2,5,Group A,https://apiv3.apifootball.com/badges/662_guatemala.jpg,19696,Qualification - Third Stage
Concacaf World Cup Qualifiers,international,6,23,Concacaf World Cup Qualifiers,2026,Worldcup,521,El Salvador,,4,6,1,0,5,2,11,3,11,,3,0,0,3,1,4,0,8,,3,1,0,2,1,7,3,Group A,https://apiv3.apifootball.com/badges/521_el-salvador.jpg,19696,Qualification - Third Stage
Concacaf World Cup Qualifiers,international,6,23,Concacaf World Cup Qualifiers,2026,Worldcup,520,Curacao,Promotion - World Cup,1,6,3,3,0,13,3,12,3,,3,2,1,0,6,3,7,2,,3,1,2,0,7,0,5,Group B,https://apiv3.apifootball.com/badges/520_curacao.jpg,19696,Qualification - Third Stage
Concacaf World Cup Qualifiers,international,6,23,Concacaf World Cup Qualifiers,2026,Worldcup,519,Jamaica,Promotion - World Cup (Promotion),2,6,3,2,1,11,3,11,1,,3,2,1,0,6,0,7,4,,3,1,1,1,5,3,4,Group B,https://apiv3.apifootball.com/badges/519_jamaica.jpg,19696,Qualification - Third Stage
Concacaf World Cup Qualifiers,international,6,23,Concacaf World Cup Qualifiers,2026,Worldcup,526,Trinidad & Tobago,,3,6,1,4,1,7,6,7,10,,3,0,3,0,3,3,3,5,,3,1,1,1,4,3,4,Group B,https://apiv3.apifootball.com/badges/526_trinidad-and-tobago.jpg,19696,Qualification - Third Stage
Concacaf World Cup Qualifiers,international,6,23,Concacaf World Cup Qualifiers,2026,Worldcup,517,Bermuda,,4,6,0,1,5,4,23,1,12,,3,0,0,3,0,14,0,11,,3,0,1,2,4,9,1,Group B,https://apiv3.apifootball.com/badges/517_bermuda.jpg,19696,Qualification - Third Stage
Concacaf World Cup Qualifiers,international,6,23,Concacaf World Cup Qualifiers,2026,Worldcup,515,Haiti,Promotion - World Cup,1,6,3,2,1,9,6,11,4,,3,2,1,0,3,0,7,6,,3,1,1,1,6,6,4,Group C,https://apiv3.apifootball.com/badges/515_haiti.jpg,19696,Qualification - Third Stage
Concacaf World Cup Qualifiers,international,6,23,Concacaf World Cup Qualifiers,2026,Worldcup,522,Honduras,,2,6,2,3,1,5,2,9,2,,3,2,1,0,5,0,7,10,,3,0,2,1,0,2,2,Group C,https://apiv3.apifootball.com/badges/522_honduras.jpg,19696,Qualification - Third Stage
Concacaf World Cup Qualifiers,international,6,23,Concacaf World Cup Qualifiers,2026,Worldcup,516,Costa Rica,,3,6,1,4,1,8,6,7,7,,3,1,2,0,7,4,5,9,,3,0,2,1,1,2,2,Group C,https://apiv3.apifootball.com/badges/516_costa-rica.jpg,19696,Qualification - Third Stage
Concacaf World Cup Qualifiers,international,6,23,Concacaf World Cup Qualifiers,2026,Worldcup,518,Nicaragua,,4,6,1,1,4,4,12,4,8,,3,1,1,1,3,4,4,12,,3,0,0,3,1,8,0,Group C,https://apiv3.apifootball.com/badges/518_nicaragua.jpg,19696,Qualification - Third Stage
UEFA Champions League,europe_club,10,3,UEFA Champions League,2025/2026,Europe,141,Arsenal,Promotion - Champions League (Play Offs: 1/8-finals),1,8,8,0,0,23,4,24,4,,4,4,0,0,12,3,12,1,,4,4,0,0,11,1,12,,https://apiv3.apifootball.com/badges/141_arsenal-fc.jpg,18569,League Phase
UEFA Champions League,europe_club,10,3,UEFA Champions League,2025/2026,Europe,72,Bayern Munich,Promotion - Champions League (Play Offs: 1/8-finals),2,8,7,0,1,22,8,21,1,,4,4,0,0,12,2,12,4,,4,3,0,1,10,6,9,,https://apiv3.apifootball.com/badges/72_bayern-munchen.jpg,18569,League Phase
UEFA Champions League,europe_club,10,3,UEFA Champions League,2025/2026,Europe,84,Liverpool,Promotion - Champions League (Play Offs: 1/8-finals),3,8,6,0,2,20,8,18,10,,4,3,0,1,11,6,9,2,,4,3,0,1,9,2,9,,https://apiv3.apifootball.com/badges/84_liverpool.jpg,18569,League Phase
UEFA Champions League,europe_club,10,3,UEFA Champions League,2025/2026,Europe,164,Tottenham,Promotion - Champions League (Play Offs: 1/8-finals),4,8,5,2,1,17,7,17,2,,4,4,0,0,10,0,12,17,,4,1,2,1,7,7,5,,https://apiv3.apifootball.com/badges/164_tottenham-hotspur.jpg,18569,League Phase
UEFA Champions League,europe_club,10,3,UEFA Champions League,2025/2026,Europe,97,Barcelona,Promotion - Champions League (Play Offs: 1/8-finals),5,8,5,1,2,22,14,16,6,,4,3,0,1,13,5,9,8,,4,2,1,1,9,9,7,,https://apiv3.apifootball.com/badges/97_barcelona.jpg,18569,League Phase
UEFA Champions League,europe_club,10,3,UEFA Champions League,2025/2026,Europe,88,Chelsea,Promotion - Champions League (Play Offs: 1/8-finals),6,8,5,1,2,17,10,16,3,,4,4,0,0,10,1,12,19,,4,1,1,2,7,9,4,,https://apiv3.apifootball.com/badges/88_chelsea.jpg,18569,League Phase
UEFA Champions League,europe_club,10,3,UEFA Champions League,2025/2026,Europe,177,Sporting CP,Promotion - Champions League (Play Offs: 1/8-finals),7,8,5,1,2,17,11,16,5,,4,4,0,0,11,3,12,20,,4,1,1,2,6,8,4,,https://apiv3.apifootball.com/badges/177_sporting-cp.jpg,18569,League Phase
UEFA Champions League,europe_club,10,3,UEFA Champions League,2025/2026,Europe,80,Manchester City,Promotion - Champions League (Play Offs: 1/8-finals),8,8,5,1,2,15,9,16,11,,4,3,0,1,8,3,9,7,,4,2,1,1,7,6,7,,https://apiv3.apifootball.com/badges/80_manchester-city.jpg,18569,League Phase
UEFA Champions League,europe_club,10,3,UEFA Champions League,2025/2026,Europe,76,Real Madrid,Promotion - Champions League (Play Offs: 1/16-finals),9,8,5,0,3,21,12,15,8,,4,3,0,1,10,4,9,9,,4,2,0,2,11,8,6,,https://apiv3.apifootball.com/badges/76_real-madrid.jpg,18569,League Phase
UEFA Champions League,europe_club,10,3,UEFA Champions League,2025/2026,Europe,79,Inter,Promotion - Champions League (Play Offs: 1/16-finals),10,8,5,0,3,15,7,15,23,,4,2,0,2,6,5,6,3,,4,3,0,1,9,2,9,,https://apiv3.apifootball.com/badges/79_internazionale.jpg,18569,League Phase
UEFA Champions League,europe_club,10,3,UEFA Champions League,2025/2026,Europe,100,PSG,Promotion - Champions League (Play Offs: 1/16-finals),11,8,4,2,2,21,11,14,13,,4,2,1,1,11,6,7,5,,4,2,1,1,10,5,7,,https://apiv3.apifootball.com/badges/100_psg.jpg,18569,League Phase
UEFA Champions League,europe_club,10,3,UEFA Champions League,2025/2026,Europe,3100,Newcastle,Promotion - Champions League (Play Offs: 1/16-finals),12,8,4,2,2,17,7,14,7,,4,3,0,1,9,2,9,14,,4,1,2,1,8,5,5,,https://apiv3.apifootball.com/badges/3100_newcastle-united.jpg,18569,League Phase
UEFA Champions League,europe_club,10,3,UEFA Champions League,2025/2026,Europe,96,Juventus,Promotion - Champions League (Play Offs: 1/16-finals),13,8,3,4,1,14,10,13,12,,4,2,2,0,9,5,8,15,,4,1,2,1,5,5,5,,https://apiv3.apifootball.com/badges/96_juventus-fc.jpg,18569,League Phase
UEFA Champions League,europe_club,10,3,UEFA Champions League,2025/2026,Europe,73,Atl. Madrid,Promotion - Champions League (Play Offs: 1/16-finals),14,8,4,1,3,17,15,13,9,,4,3,0,1,11,5,9,23,,4,1,1,2,6,10,4,,https://apiv3.apifootball.com/badges/73_atletico-de-madrid.jpg,18569,League Phase
UEFA Champions League,europe_club,10,3,UEFA Champions League,2025/2026,Europe,85,Atalanta,Promotion - Champions League (Play Offs: 1/16-finals),15,8,4,1,3,10,10,13,18,,4,2,1,1,6,5,7,10,,4,2,0,2,4,5,6,,https://apiv3.apifootball.com/badges/85_atalanta.jpg,18569,League Phase
UEFA Champions League,europe_club,10,3,UEFA Champions League,2025/2026,Europe,143,Bayer Leverkusen,Promotion - Champions League (Play Offs: 1/16-finals),16,8,3,3,2,13,14,12,27,,4,1,2,1,8,10,5,6,,4,2,1,1,5,4,7,,https://apiv3.apifootball.com/badges/143_bayer-leverkusen.jpg,18569,League Phase
UEFA Champions League,europe_club,10,3,UEFA Champions League,2025/2026,Europe,92,Dortmund,Promotion - Champions League (Play Offs: 1/16-finals),17,8,3,2,3,19,17,11,14,,4,2,1,1,10,5,7,21,,4,1,1,2,9,12,4,,https://apiv3.apifootball.com/badges/92_borussia-dortmund.jpg,18569,League Phase
UEFA Champions League,europe_club,10,3,UEFA Champions League,2025/2026,Europe,82,Olympiacos Piraeus,Promotion - Champions League (Play Offs: 1/16-finals),18,8,3,2,3,10,14,11,25,,4,1,2,1,6,5,5,13,,4,2,0,2,4,9,6,,https://apiv3.apifootball.com/badges/82_olympiakos-piraeus.jpg,18569,League Phase
UEFA Champions League,europe_club,10,3,UEFA Champions League,2025/2026,Europe,94,Club Brugge KV,Promotion - Champions League (Play Offs: 1/16-finals),19,8,3,1,4,15,17,10,15,,4,2,1,1,10,7,7,28,,4,1,0,3,5,10,3,,https://apiv3.apifootball.com/badges/94_club-brugge.jpg,18569,League Phase
UEFA Champions League,europe_club,10,3,UEFA Champions League,2025/2026,Europe,192,Galatasaray,Promotion - Champions League (Play Offs: 1/16-finals),20,8,3,1,4,9,11,10,17,,4,2,1,1,5,3,7,25,,4,1,0,3,4,8,3,,https://apiv3.apifootball.com/badges/192_galatasaray.jpg,18569,League Phase
UEFA Champions League,europe_club,10,3,UEFA Champions League,2025/2026,Europe,3817,Monaco,Promotion - Champions League (Play Offs: 1/16-finals),21,8,2,4,2,8,14,10,22,,4,1,3,0,3,2,6,24,,4,1,1,2,5,12,4,,https://apiv3.apifootball.com/badges/3817_monaco.jpg,18569,League Phase
UEFA Champions League,europe_club,10,3,UEFA Champions League,2025/2026,Europe,110,Qarabag,Promotion - Champions League (Play Offs: 1/16-finals),22,8,3,1,4,13,21,10,19,,4,2,1,1,9,8,7,30,,4,1,0,3,4,13,3,,https://apiv3.apifootball.com/badges/110_qaraba.jpg,18569,League Phase
UEFA Champions League,europe_club,10,3,UEFA Champions League,2025/2026,Europe,215,Bodo/Glimt,Promotion - Champions League (Play Offs: 1/16-finals),23,8,2,3,3,14,15,9,28,,4,1,1,2,7,7,4,18,,4,1,2,1,7,8,5,,https://apiv3.apifootball.com/badges/215_bod--glimt.jpg,18569,League Phase
UEFA Champions League,europe_club,10,3,UEFA Champions League,2025/2026,Europe,147,Benfica,Promotion - Champions League (Play Offs: 1/16-finals),24,8,3,0,5,10,12,9,21,,4,2,0,2,8,6,6,26,,4,1,0,3,2,6,3,,https://apiv3.apifootball.com/badges/147_benfica.jpg,18569,League Phase
UEFA Champions League,europe_club,10,3,UEFA Champions League,2025/2026,Europe,83,Marseille,,25,8,3,0,5,11,14,9,24,,4,2,0,2,6,5,6,27,,4,1,0,3,5,9,3,,https://apiv3.apifootball.com/badges/83_olympique-marseille.jpg,18569,League Phase
UEFA Champions League,europe_club,10,3,UEFA Champions League,2025/2026,Europe,2473,Pafos,,26,8,2,3,3,8,11,9,20,,4,2,1,1,8,8,7,31,,4,0,2,2,0,3,2,,https://apiv3.apifootball.com/badges/2473_pafos.jpg,18569,League Phase
UEFA Champions League,europe_club,10,3,UEFA Champions League,2025/2026,Europe,1373,Royale Union SG,,27,8,3,0,5,8,17,9,32,,4,1,0,3,3,11,3,11,,4,2,0,2,5,6,6,,https://apiv3.apifootball.com/badges/1373_union-saint-gilloise.jpg,18569,League Phase
UEFA Champions League,europe_club,10,3,UEFA Champions League,2025/2026,Europe,150,PSV,,28,8,2,2,4,16,16,8,30,,4,1,0,3,10,10,3,16,,4,1,2,1,6,6,5,,https://apiv3.apifootball.com/badges/150_psv.jpg,18569,League Phase
UEFA Champions League,europe_club,10,3,UEFA Champions League,2025/2026,Europe,7258,Ath Bilbao,,29,8,2,2,4,9,14,8,29,,4,1,1,2,5,6,4,22,,4,1,1,2,4,8,4,,https://apiv3.apifootball.com/badges/7258_athletic-club.jpg,18569,League Phase
UEFA Champions League,europe_club,10,3,UEFA Champions League,2025/2026,Europe,152,Napoli,,30,8,2,2,4,9,15,8,16,,4,2,1,1,6,4,7,33,,4,0,1,3,3,11,1,,https://apiv3.apifootball.com/badges/152_napoli.jpg,18569,League Phase
UEFA Champions League,europe_club,10,3,UEFA Champions League,2025/2026,Europe,175,FC Copenhagen,,31,8,2,2,4,12,21,8,26,,4,1,2,1,8,9,5,29,,4,1,0,3,4,12,3,,https://apiv3.apifootball.com/badges/175_kbenhavn.jpg,18569,League Phase
UEFA Champions League,europe_club,10,3,UEFA Champions League,2025/2026,Europe,86,Ajax,,32,8,2,0,6,8,21,6,36,,4,0,0,4,1,9,0,12,,4,2,0,2,7,12,6,,https://apiv3.apifootball.com/badges/86_ajax.jpg,18569,League Phase
UEFA Champions League,europe_club,10,3,UEFA Champions League,2025/2026,Europe,3945,Eintracht Frankfurt,,33,8,1,1,6,10,21,4,31,,4,1,0,3,6,11,3,32,,4,0,1,3,4,10,1,,https://apiv3.apifootball.com/badges/3945_eintracht-frankfurt.jpg,18569,League Phase
UEFA Champions League,europe_club,10,3,UEFA Champions League,2025/2026,Europe,104,Slavia Prague,,34,8,0,3,5,5,19,3,33,,4,0,2,2,4,9,2,34,,4,0,1,3,1,10,1,,https://apiv3.apifootball.com/badges/104_slavia-praha.jpg,18569,League Phase
UEFA Champions League,europe_club,10,3,UEFA Champions League,2025/2026,Europe,162,Villarreal,,35,8,0,1,7,5,18,1,34,,4,0,1,3,5,9,1,36,,4,0,0,4,0,9,0,,https://apiv3.apifootball.com/badges/162_villarreal.jpg,18569,League Phase
UEFA Champions League,europe_club,10,3,UEFA Champions League,2025/2026,Europe,245,Kairat Almaty,,36,8,0,1,7,7,22,1,35,,4,0,1,3,1,10,1,35,,4,0,0,4,6,12,0,,https://apiv3.apifootball.com/badges/245_kairat.jpg,18569,League Phase
UEFA Europa League,europe_club,11,4,UEFA Europa League,2025/2026,Europe,3815,Lyon,Promotion - Europa League (Play Offs: 1/8-finals),1,8,7,0,1,18,5,21,3,,4,4,0,0,10,3,12,2,,4,3,0,1,8,2,9,,https://apiv3.apifootball.com/badges/3815_olympique-lyonnais.jpg,18571,League Phase
UEFA Europa League,europe_club,11,4,UEFA Europa League,2025/2026,Europe,3088,Aston Villa,Promotion - Europa League (Play Offs: 1/8-finals),2,8,7,0,1,14,6,21,5,,4,4,0,0,8,3,12,4,,4,3,0,1,6,3,9,,https://apiv3.apifootball.com/badges/3088_aston-villa.jpg,18571,League Phase
UEFA Europa League,europe_club,11,4,UEFA Europa League,2025/2026,Europe,87,Midtjylland,Promotion - Europa League (Play Offs: 1/8-finals),3,8,6,1,1,18,8,19,1,,4,4,0,0,8,1,12,8,,4,2,1,1,10,7,7,,https://apiv3.apifootball.com/badges/87_midtjylland.jpg,18571,League Phase
UEFA Europa League,europe_club,11,4,UEFA Europa League,2025/2026,Europe,7261,Betis,Promotion - Europa League (Play Offs: 1/8-finals),4,8,5,2,1,13,7,17,7,,4,3,1,0,8,4,10,9,,4,2,1,1,5,3,7,,https://apiv3.apifootball.com/badges/7261_real-betis.jpg,18571,League Phase
UEFA Europa League,europe_club,11,4,UEFA Europa League,2025/2026,Europe,81,FC Porto,Promotion - Europa League (Play Offs: 1/8-finals),5,8,5,2,1,13,7,17,2,,4,4,0,0,10,3,12,17,,4,1,2,1,3,4,5,,https://apiv3.apifootball.com/badges/81_porto.jpg,18571,League Phase
UEFA Europa League,europe_club,11,4,UEFA Europa League,2025/2026,Europe,156,Braga,Promotion - Europa League (Play Offs: 1/8-finals),6,8,5,2,1,11,5,17,10,,4,3,0,1,7,4,9,6,,4,2,2,0,4,1,8,,https://apiv3.apifootball.com/badges/156_sporting-braga.jpg,18571,League Phase
UEFA Europa League,europe_club,11,4,UEFA Europa League,2025/2026,Europe,3962,Freiburg,Promotion - Europa League (Play Offs: 1/8-finals),7,8,5,2,1,10,4,17,6,,4,4,0,0,6,1,12,14,,4,1,2,1,4,3,5,,https://apiv3.apifootball.com/badges/3962_freiburg.jpg,18571,League Phase
UEFA Europa League,europe_club,11,4,UEFA Europa League,2025/2026,Europe,139,AS Roma,Promotion - Europa League (Play Offs: 1/8-finals),8,8,5,1,2,13,6,16,24,,4,2,0,2,5,4,6,1,,4,3,1,0,8,2,10,,https://apiv3.apifootball.com/badges/139_roma.jpg,18571,League Phase
UEFA Europa League,europe_club,11,4,UEFA Europa League,2025/2026,Europe,1359,Genk,Promotion - Europa League (Play Offs: 1/16-finals),9,8,5,1,2,11,7,16,17,,4,2,1,1,4,3,7,5,,4,3,0,1,7,4,9,,https://apiv3.apifootball.com/badges/1359_genk.jpg,18571,League Phase
UEFA Europa League,europe_club,11,4,UEFA Europa League,2025/2026,Europe,4983,Bologna,Promotion - Europa League (Play Offs: 1/16-finals),10,8,4,3,1,14,7,15,20,,4,1,3,0,7,4,6,3,,4,3,0,1,7,3,9,,https://apiv3.apifootball.com/badges/4983_bologna.jpg,18571,League Phase
UEFA Europa League,europe_club,11,4,UEFA Europa League,2025/2026,Europe,3933,Stuttgart,Promotion - Europa League (Play Offs: 1/16-finals),11,8,5,0,3,15,9,15,4,,4,4,0,0,11,4,12,21,,4,1,0,3,4,5,3,,https://apiv3.apifootball.com/badges/3933_stuttgart.jpg,18571,League Phase
UEFA Europa League,europe_club,11,4,UEFA Europa League,2025/2026,Europe,99,Ferencvaros,Promotion - Europa League (Play Offs: 1/16-finals),12,8,4,3,1,12,11,15,13,,4,2,2,0,7,4,8,11,,4,2,1,1,5,7,7,,https://apiv3.apifootball.com/badges/99_ferencvaros.jpg,18571,League Phase
UEFA Europa League,europe_club,11,4,UEFA Europa League,2025/2026,Europe,3089,Nottingham,Promotion - Europa League (Play Offs: 1/16-finals),13,8,4,2,2,15,7,14,8,,4,3,0,1,11,3,9,16,,4,1,2,1,4,4,5,,https://apiv3.apifootball.com/badges/3089_nottingham-forest.jpg,18571,League Phase
UEFA Europa League,europe_club,11,4,UEFA Europa League,2025/2026,Europe,114,Plzen,Promotion - Europa League (Play Offs: 1/16-finals),14,8,3,5,0,8,3,14,21,,4,1,3,0,4,1,6,7,,4,2,2,0,4,2,8,,https://apiv3.apifootball.com/badges/114_viktoria-plze.jpg,18571,League Phase
UEFA Europa League,europe_club,11,4,UEFA Europa League,2025/2026,Europe,112,Crvena zvezda,Promotion - Europa League (Play Offs: 1/16-finals),15,8,4,2,2,7,6,14,14,,4,2,2,0,4,2,8,12,,4,2,0,2,3,4,6,,https://apiv3.apifootball.com/badges/112_crvena-zvezda.jpg,18571,League Phase
UEFA Europa League,europe_club,11,4,UEFA Europa League,2025/2026,Europe,7290,Celta Vigo,Promotion - Europa League (Play Offs: 1/16-finals),16,8,4,1,3,15,11,13,11,,4,3,0,1,8,5,9,18,,4,1,1,2,7,6,4,,https://apiv3.apifootball.com/badges/7290_celta-de-vigo.jpg,18571,League Phase
UEFA Europa League,europe_club,11,4,UEFA Europa League,2025/2026,Europe,106,PAOK,Promotion - Europa League (Play Offs: 1/16-finals),17,8,3,3,2,17,14,12,12,,4,2,2,0,7,1,8,19,,4,1,1,2,10,13,4,,https://apiv3.apifootball.com/badges/106_paok.jpg,18571,League Phase
UEFA Europa League,europe_club,11,4,UEFA Europa League,2025/2026,Europe,160,Lille,Promotion - Europa League (Play Offs: 1/16-finals),18,8,4,0,4,12,9,12,9,,4,3,0,1,10,5,9,22,,4,1,0,3,2,4,3,,https://apiv3.apifootball.com/badges/160_lille.jpg,18571,League Phase
UEFA Europa League,europe_club,11,4,UEFA Europa League,2025/2026,Europe,7694,Fenerbahce,Promotion - Europa League (Play Offs: 1/16-finals),19,8,3,3,2,10,7,12,15,,4,2,1,1,4,3,7,13,,4,1,2,1,6,4,5,,https://apiv3.apifootball.com/badges/7694_fenerbahce.jpg,18571,League Phase
UEFA Europa League,europe_club,11,4,UEFA Europa League,2025/2026,Europe,4299,Panathinaikos,Promotion - Europa League (Play Offs: 1/16-finals),20,8,3,3,2,11,9,12,29,,4,1,2,1,4,4,5,10,,4,2,1,1,7,5,7,,https://apiv3.apifootball.com/badges/4299_panathinaikos.jpg,18571,League Phase
UEFA Europa League,europe_club,11,4,UEFA Europa League,2025/2026,Europe,127,Celtic,Promotion - Europa League (Play Offs: 1/16-finals),21,8,3,2,3,13,15,11,27,,4,2,0,2,6,8,6,15,,4,1,2,1,7,7,5,,https://apiv3.apifootball.com/badges/127_celtic.jpg,18571,League Phase
UEFA Europa League,europe_club,11,4,UEFA Europa League,2025/2026,Europe,119,Ludogorets,Promotion - Europa League (Play Offs: 1/16-finals),22,8,3,1,4,12,15,10,18,,4,2,1,1,7,7,7,23,,4,1,0,3,5,8,3,,https://apiv3.apifootball.com/badges/119_ludogorets-razgrad.jpg,18571,League Phase
UEFA Europa League,europe_club,11,4,UEFA Europa League,2025/2026,Europe,121,Din. Zagreb,Promotion - Europa League (Play Offs: 1/16-finals),23,8,3,1,4,12,16,10,26,,4,2,0,2,8,8,6,20,,4,1,1,2,4,8,4,,https://apiv3.apifootball.com/badges/121_dinamo-zagreb.jpg,18571,League Phase
UEFA Europa League,europe_club,11,4,UEFA Europa League,2025/2026,Europe,5608,Brann,Promotion - Europa League (Play Offs: 1/16-finals),24,8,2,3,3,9,11,9,19,,4,2,1,1,7,7,7,27,,4,0,2,2,2,4,2,,https://apiv3.apifootball.com/badges/5608_brann.jpg,18571,League Phase
UEFA Europa League,europe_club,11,4,UEFA Europa League,2025/2026,Europe,125,Young Boys,,25,8,3,0,5,10,16,9,28,,4,2,0,2,5,7,6,24,,4,1,0,3,5,9,3,,https://apiv3.apifootball.com/badges/125_young-boys.jpg,18571,League Phase
UEFA Europa League,europe_club,11,4,UEFA Europa League,2025/2026,Europe,1236,Sturm Graz,,26,8,2,1,5,5,11,7,16,,4,2,1,1,3,2,7,33,,4,0,0,4,2,9,0,,https://apiv3.apifootball.com/badges/1236_sturm-graz.jpg,18571,League Phase
UEFA Europa League,europe_club,11,4,UEFA Europa League,2025/2026,Europe,190,FCSB,,27,8,2,1,5,9,16,7,30,,4,1,1,2,6,8,4,26,,4,1,0,3,3,8,3,,https://apiv3.apifootball.com/badges/190_fcsb.jpg,18571,League Phase
UEFA Europa League,europe_club,11,4,UEFA Europa League,2025/2026,Europe,5469,G.A. Eagles,,28,8,2,1,5,6,14,7,32,,4,1,1,2,2,6,4,25,,4,1,0,3,4,8,3,,https://apiv3.apifootball.com/badges/5469_go-ahead-eagles.jpg,18571,League Phase
UEFA Europa League,europe_club,11,4,UEFA Europa League,2025/2026,Europe,168,Feyenoord,,29,8,2,0,6,11,15,6,25,,4,2,0,2,7,6,6,29,,4,0,0,4,4,9,0,,https://apiv3.apifootball.com/badges/168_feyenoord.jpg,18571,League Phase
UEFA Europa League,europe_club,11,4,UEFA Europa League,2025/2026,Europe,176,Basel,,30,8,2,0,6,9,13,6,22,,4,2,0,2,6,4,6,30,,4,0,0,4,3,9,0,,https://apiv3.apifootball.com/badges/176_basel.jpg,18571,League Phase
UEFA Europa League,europe_club,11,4,UEFA Europa League,2025/2026,Europe,74,Salzburg,,31,8,2,0,6,10,15,6,23,,4,2,0,2,7,5,6,34,,4,0,0,4,3,10,0,,https://apiv3.apifootball.com/badges/74_salzburg.jpg,18571,League Phase
UEFA Europa League,europe_club,11,4,UEFA Europa League,2025/2026,Europe,146,Rangers,,32,8,1,1,6,5,14,4,31,,4,1,1,2,2,4,4,35,,4,0,0,4,3,10,0,,https://apiv3.apifootball.com/badges/146_rangers.jpg,18571,League Phase
UEFA Europa League,europe_club,11,4,UEFA Europa League,2025/2026,Europe,145,Nice,,33,8,1,0,7,7,15,3,33,,4,1,0,3,5,7,3,31,,4,0,0,4,2,8,0,,https://apiv3.apifootball.com/badges/145_nice.jpg,18571,League Phase
UEFA Europa League,europe_club,11,4,UEFA Europa League,2025/2026,Europe,5475,Utrecht,,34,8,0,1,7,5,15,1,35,,4,0,1,3,2,6,1,32,,4,0,0,4,3,9,0,,https://apiv3.apifootball.com/badges/5475_utrecht.jpg,18571,League Phase
UEFA Europa League,europe_club,11,4,UEFA Europa League,2025/2026,Europe,174,Malmo FF,,35,8,0,1,7,4,15,1,34,,4,0,1,3,2,5,1,36,,4,0,0,4,2,10,0,,https://apiv3.apifootball.com/badges/174_malmo-ff.jpg,18571,League Phase
UEFA Europa League,europe_club,11,4,UEFA Europa League,2025/2026,Europe,105,Maccabi Tel Aviv,,36,8,0,1,7,2,22,1,36,,4,0,0,4,1,15,0,28,,4,0,1,3,1,7,1,,https://apiv3.apifootball.com/badges/105_maccabi-tel-aviv.jpg,18571,League Phase
UEFA Conference League,europe_club,12,683,UEFA Conference League,2025/2026,Europe,195,Zrinjski,Promotion - Conference League (Play Offs: 1/8-finals),1,1,1,0,0,5,0,3,1,,1,1,0,0,5,0,3,22,,0,0,0,0,0,0,0,,https://apiv3.apifootball.com/badges/195_zrinjski.jpg,10351,League Stage
UEFA Conference League,europe_club,12,683,UEFA Conference League,2025/2026,Europe,2471,AEK Larnaca,Promotion - Conference League (Play Offs: 1/8-finals),2,1,1,0,0,4,0,3,2,,1,1,0,0,4,0,3,8,,0,0,0,0,0,0,0,,https://apiv3.apifootball.com/badges/2471_aek-larnaca.jpg,10351,League Stage
UEFA Conference League,europe_club,12,683,UEFA Conference League,2025/2026,Europe,161,Sparta Prague,Promotion - Conference League (Play Offs: 1/8-finals),3,1,1,0,0,4,1,3,3,,1,1,0,0,4,1,3,24,,0,0,0,0,0,0,0,,https://apiv3.apifootball.com/badges/161_sparta-praha.jpg,10351,League Stage
UEFA Conference League,europe_club,12,683,UEFA Conference League,2025/2026,Europe,149,Lech Poznan,Promotion - Conference League (Play Offs: 1/8-finals),4,1,1,0,0,4,1,3,4,,1,1,0,0,4,1,3,23,,0,0,0,0,0,0,0,,https://apiv3.apifootball.com/badges/149_lech-pozna.jpg,10351,League Stage
UEFA Conference League,europe_club,12,683,UEFA Conference League,2025/2026,Europe,7409,Lausanne,Promotion - Conference League (Play Offs: 1/8-finals),5,1,1,0,0,3,0,3,5,,1,1,0,0,3,0,3,21,,0,0,0,0,0,0,0,,https://apiv3.apifootball.com/badges/7409_lausanne-sport.jpg,10351,League Stage
UEFA Conference League,europe_club,12,683,UEFA Conference League,2025/2026,Europe,116,Celje,Promotion - Conference League (Play Offs: 1/8-finals),6,1,1,0,0,3,1,3,9,,1,1,0,0,3,1,3,20,,0,0,0,0,0,0,0,,https://apiv3.apifootball.com/badges/116_celje.jpg,10351,League Stage
UEFA Conference League,europe_club,12,683,UEFA Conference League,2025/2026,Europe,3429,Crystal Palace,Promotion - Conference League (Play Offs: 1/8-finals),7,1,1,0,0,2,0,3,31,,0,0,0,0,0,0,0,1,,1,1,0,0,2,0,3,,https://apiv3.apifootball.com/badges/3429_crystal-palace.jpg,10351,League Stage
UEFA Conference League,europe_club,12,683,UEFA Conference League,2025/2026,Europe,7264,Rayo Vallecano,Promotion - Conference League (Play Offs: 1/8-finals),8,1,1,0,0,2,0,3,8,,1,1,0,0,2,0,3,19,,0,0,0,0,0,0,0,,https://apiv3.apifootball.com/badges/7264_rayo-vallecano.jpg,10351,League Stage
UEFA Conference League,europe_club,12,683,UEFA Conference League,2025/2026,Europe,4974,Fiorentina,Promotion - Conference League (Play Offs: 1/16-finals),9,1,1,0,0,2,0,3,7,,1,1,0,0,2,0,3,18,,0,0,0,0,0,0,0,,https://apiv3.apifootball.com/badges/4974_fiorentina.jpg,10351,League Stage
UEFA Conference League,europe_club,12,683,UEFA Conference League,2025/2026,Europe,5763,Rakow,Promotion - Conference League (Play Offs: 1/16-finals),10,1,1,0,0,2,0,3,6,,1,1,0,0,2,0,3,17,,0,0,0,0,0,0,0,,https://apiv3.apifootball.com/badges/5763_rakow-czstochowa.jpg,10351,League Stage
UEFA Conference League,europe_club,12,683,UEFA Conference League,2025/2026,Europe,78,Shakhtar Donetsk,Promotion - Conference League (Play Offs: 1/16-finals),11,1,1,0,0,3,2,3,30,,0,0,0,0,0,0,0,2,,1,1,0,0,3,2,3,,https://apiv3.apifootball.com/badges/78_shakhtar-donetsk.jpg,10351,League Stage
UEFA Conference League,europe_club,12,683,UEFA Conference League,2025/2026,Europe,3818,Strasbourg,Promotion - Conference League (Play Offs: 1/16-finals),12,1,1,0,0,2,1,3,29,,0,0,0,0,0,0,0,3,,1,1,0,0,2,1,3,,https://apiv3.apifootball.com/badges/3818_strasbourg.jpg,10351,League Stage
UEFA Conference League,europe_club,12,683,UEFA Conference League,2025/2026,Europe,3939,Mainz,Promotion - Conference League (Play Offs: 1/16-finals),13,1,1,0,0,1,0,3,28,,0,0,0,0,0,0,0,4,,1,1,0,0,1,0,3,,https://apiv3.apifootball.com/badges/3939_mainz-05.jpg,10351,League Stage
UEFA Conference League,europe_club,12,683,UEFA Conference League,2025/2026,Europe,7665,Samsunspor,Promotion - Conference League (Play Offs: 1/16-finals),14,1,1,0,0,1,0,3,27,,0,0,0,0,0,0,0,5,,1,1,0,0,1,0,3,,https://apiv3.apifootball.com/badges/7665_samsunspor.jpg,10351,League Stage
UEFA Conference League,europe_club,12,683,UEFA Conference League,2025/2026,Europe,5770,Jagiellonia,Promotion - Conference League (Play Offs: 1/16-finals),15,1,1,0,0,1,0,3,10,,1,1,0,0,1,0,3,16,,0,0,0,0,0,0,0,,https://apiv3.apifootball.com/badges/5770_jagiellonia-biaystok.jpg,10351,League Stage
UEFA Conference League,europe_club,12,683,UEFA Conference League,2025/2026,Europe,246,Noah,Promotion - Conference League (Play Offs: 1/16-finals),16,1,1,0,0,1,0,3,11,,1,1,0,0,1,0,3,25,,0,0,0,0,0,0,0,,https://apiv3.apifootball.com/badges/246_noah.jpg,10351,League Stage
UEFA Conference League,europe_club,12,683,UEFA Conference League,2025/2026,Europe,136,Drita,Promotion - Conference League (Play Offs: 1/16-finals),17,1,0,1,0,1,1,1,26,,0,0,0,0,0,0,0,7,,1,0,1,0,1,1,1,,https://apiv3.apifootball.com/badges/136_drita.jpg,10351,League Stage
UEFA Conference League,europe_club,12,683,UEFA Conference League,2025/2026,Europe,180,KuPS,Promotion - Conference League (Play Offs: 1/16-finals),18,1,0,1,0,1,1,1,13,,1,0,1,0,1,1,1,15,,0,0,0,0,0,0,0,,https://apiv3.apifootball.com/badges/180_kups.jpg,10351,League Stage
UEFA Conference League,europe_club,12,683,UEFA Conference League,2025/2026,Europe,7348,Hacken,Promotion - Conference League (Play Offs: 1/16-finals),19,1,0,1,0,0,0,1,25,,0,0,0,0,0,0,0,6,,1,0,1,0,0,0,1,,https://apiv3.apifootball.com/badges/7348_hacken.jpg,10351,League Stage
UEFA Conference League,europe_club,12,683,UEFA Conference League,2025/2026,Europe,4760,Shelbourne,Promotion - Conference League (Play Offs: 1/16-finals),20,1,0,1,0,0,0,1,12,,1,0,1,0,0,0,1,14,,0,0,0,0,0,0,0,,https://apiv3.apifootball.com/badges/4760_shelbourne.jpg,10351,League Stage
UEFA Conference League,europe_club,12,683,UEFA Conference League,2025/2026,Europe,237,Aberdeen,Promotion - Conference League (Play Offs: 1/16-finals),21,1,0,0,1,2,3,0,35,,1,0,0,1,2,3,0,13,,0,0,0,0,0,0,0,,https://apiv3.apifootball.com/badges/237_aberdeen.jpg,10351,League Stage
UEFA Conference League,europe_club,12,683,UEFA Conference League,2025/2026,Europe,6565,Slovan Bratislava,Promotion - Conference League (Play Offs: 1/16-finals),22,1,0,0,1,1,2,0,34,,1,0,0,1,1,2,0,12,,0,0,0,0,0,0,0,,https://apiv3.apifootball.com/badges/6565_slovan-bratislava.jpg,10351,League Stage
UEFA Conference League,europe_club,12,683,UEFA Conference League,2025/2026,Europe,154,Rijeka,Promotion - Conference League (Play Offs: 1/16-finals),23,1,0,0,1,0,1,0,24,,0,0,0,0,0,0,0,27,,1,0,0,1,0,1,0,,https://apiv3.apifootball.com/badges/154_rijeka.jpg,10351,League Stage
UEFA Conference League,europe_club,12,683,UEFA Conference League,2025/2026,Europe,107,Omonia,Promotion - Conference League (Play Offs: 1/16-finals),24,1,0,0,1,0,1,0,32,,1,0,0,1,0,1,0,11,,0,0,0,0,0,0,0,,https://apiv3.apifootball.com/badges/107_omonia-nicosia.jpg,10351,League Stage
UEFA Conference League,europe_club,12,683,UEFA Conference League,2025/2026,Europe,122,Legia,,25,1,0,0,1,0,1,0,33,,1,0,0,1,0,1,0,10,,0,0,0,0,0,0,0,,https://apiv3.apifootball.com/badges/122_legia-warszawa.jpg,10351,League Stage
UEFA Conference League,europe_club,12,683,UEFA Conference League,2025/2026,Europe,5334,Hamrun,,26,1,0,0,1,0,1,0,14,,0,0,0,0,0,0,0,26,,1,0,0,1,0,1,0,,https://apiv3.apifootball.com/badges/5334_hamrun-spartans.jpg,10351,League Stage
UEFA Conference League,europe_club,12,683,UEFA Conference League,2025/2026,Europe,158,AEK Athens FC,,27,1,0,0,1,1,3,0,16,,0,0,0,0,0,0,0,28,,1,0,0,1,1,3,0,,https://apiv3.apifootball.com/badges/158_aek-athens.jpg,10351,League Stage
UEFA Conference League,europe_club,12,683,UEFA Conference League,2025/2026,Europe,2636,Sigma Olomouc,,28,1,0,0,1,0,2,0,17,,0,0,0,0,0,0,0,29,,1,0,0,1,0,2,0,,https://apiv3.apifootball.com/badges/2636_sigma-olomouc.jpg,10351,League Stage
UEFA Conference League,europe_club,12,683,UEFA Conference League,2025/2026,Europe,98,Dyn. Kyiv,,29,1,0,0,1,0,2,0,36,,1,0,0,1,0,2,0,9,,0,0,0,0,0,0,0,,https://apiv3.apifootball.com/badges/98_dynamo-kyiv.jpg,10351,League Stage
UEFA Conference League,europe_club,12,683,UEFA Conference League,2025/2026,Europe,191,Shkendija,,30,1,0,0,1,0,2,0,18,,0,0,0,0,0,0,0,30,,1,0,0,1,0,2,0,,https://apiv3.apifootball.com/badges/191_shkendija.jpg,10351,League Stage
UEFA Conference League,europe_club,12,683,UEFA Conference League,2025/2026,Europe,6187,Univ. Craiova,,31,1,0,0,1,0,2,0,19,,0,0,0,0,0,0,0,31,,1,0,0,1,0,2,0,,https://apiv3.apifootball.com/badges/6187_universitatea-craiova.jpg,10351,League Stage
UEFA Conference League,europe_club,12,683,UEFA Conference League,2025/2026,Europe,118,SK Rapid,,32,1,0,0,1,1,4,0,20,,0,0,0,0,0,0,0,32,,1,0,0,1,1,4,0,,https://apiv3.apifootball.com/badges/118_rapid.jpg,10351,League Stage
UEFA Conference League,europe_club,12,683,UEFA Conference League,2025/2026,Europe,226,Shamrock Rovers,,33,1,0,0,1,1,4,0,21,,0,0,0,0,0,0,0,33,,1,0,0,1,1,4,0,,https://apiv3.apifootball.com/badges/226_shamrock-rovers.jpg,10351,League Stage
UEFA Conference League,europe_club,12,683,UEFA Conference League,2025/2026,Europe,4694,Breidablik,,34,1,0,0,1,0,3,0,22,,0,0,0,0,0,0,0,34,,1,0,0,1,0,3,0,,https://apiv3.apifootball.com/badges/4694_breidablik.jpg,10351,League Stage
UEFA Conference League,europe_club,12,683,UEFA Conference League,2025/2026,Europe,113,AZ Alkmaar,,35,1,0,0,1,0,4,0,23,,0,0,0,0,0,0,0,35,,1,0,0,1,0,4,0,,https://apiv3.apifootball.com/badges/113_az.jpg,10351,League Stage
UEFA Conference League,europe_club,12,683,UEFA Conference League,2025/2026,Europe,209,Lincoln Red Imps,,36,1,0,0,1,0,5,0,15,,0,0,0,0,0,0,0,36,,1,0,0,1,0,5,0,,https://apiv3.apifootball.com/badges/209_lincoln-red-imps.jpg,10351,League Stage
UEFA Conference League,europe_club,12,683,UEFA Conference League,2025/2026,Europe,3818,Strasbourg,Promotion - Conference League (Play Offs: 1/8-finals),1,6,5,1,0,11,5,16,13,,3,2,1,0,6,3,7,2,,3,3,0,0,5,2,9,,https://apiv3.apifootball.com/badges/3818_strasbourg.jpg,18567,League Phase
UEFA Conference League,europe_club,12,683,UEFA Conference League,2025/2026,Europe,5763,Rakow,Promotion - Conference League (Play Offs: 1/8-finals),2,6,4,2,0,9,2,14,1,,3,3,0,0,7,1,9,8,,3,1,2,0,2,1,5,,https://apiv3.apifootball.com/badges/5763_rakow-czstochowa.jpg,18567,League Phase
UEFA Conference League,europe_club,12,683,UEFA Conference League,2025/2026,Europe,158,AEK Athens,Promotion - Conference League (Play Offs: 1/8-finals),3,6,4,1,1,14,7,13,4,,3,2,1,0,10,3,7,5,,3,2,0,1,4,4,6,,https://apiv3.apifootball.com/badges/158_aek-athens.jpg,18567,League Phase
UEFA Conference League,europe_club,12,683,UEFA Conference League,2025/2026,Europe,161,Sparta Prague,Promotion - Conference League (Play Offs: 1/8-finals),4,6,4,1,1,10,3,13,5,,3,2,1,0,7,1,7,4,,3,2,0,1,3,2,6,,https://apiv3.apifootball.com/badges/161_sparta-praha.jpg,18567,League Phase
UEFA Conference League,europe_club,12,683,UEFA Conference League,2025/2026,Europe,7264,Rayo Vallecano,Promotion - Conference League (Play Offs: 1/8-finals),5,6,4,1,1,13,7,13,2,,3,3,0,0,8,2,9,9,,3,1,1,1,5,5,4,,https://apiv3.apifootball.com/badges/7264_rayo-vallecano.jpg,18567,League Phase
UEFA Conference League,europe_club,12,683,UEFA Conference League,2025/2026,Europe,78,Shakhtar Donetsk,Promotion - Conference League (Play Offs: 1/8-finals),6,6,4,1,1,10,5,13,25,,3,1,1,1,3,2,4,1,,3,3,0,0,7,3,9,,https://apiv3.apifootball.com/badges/78_shakhtar-donetsk.jpg,18567,League Phase
UEFA Conference League,europe_club,12,683,UEFA Conference League,2025/2026,Europe,3939,Mainz,Promotion - Conference League (Play Offs: 1/8-finals),7,6,4,1,1,7,3,13,3,,3,3,0,0,5,1,9,10,,3,1,1,1,2,2,4,,https://apiv3.apifootball.com/badges/3939_mainz-05.jpg,18567,League Phase
UEFA Conference League,europe_club,12,683,UEFA Conference League,2025/2026,Europe,2471,AEK Larnaca,Promotion - Conference League (Play Offs: 1/8-finals),8,6,3,3,0,7,1,12,8,,3,2,1,0,5,0,7,6,,3,1,2,0,2,1,5,,https://apiv3.apifootball.com/badges/2471_aek-larnaca.jpg,18567,League Phase
UEFA Conference League,europe_club,12,683,UEFA Conference League,2025/2026,Europe,7409,Lausanne,Promotion - Conference League (Play Offs: 1/16-finals),9,6,3,2,1,6,3,11,9,,3,2,1,0,5,1,7,11,,3,1,1,1,1,2,4,,https://apiv3.apifootball.com/badges/7409_lausanne-sport.jpg,18567,League Phase
UEFA Conference League,europe_club,12,683,UEFA Conference League,2025/2026,Europe,3429,Crystal Palace,Promotion - Conference League (Play Offs: 1/16-finals),10,6,3,1,2,11,6,10,24,,3,1,1,1,5,4,4,3,,3,2,0,1,6,2,6,,https://apiv3.apifootball.com/badges/3429_crystal-palace.jpg,18567,League Phase
UEFA Conference League,europe_club,12,683,UEFA Conference League,2025/2026,Europe,149,Lech Poznan,Promotion - Conference League (Play Offs: 1/16-finals),11,6,3,1,2,12,8,10,7,,3,2,1,0,7,2,7,16,,3,1,0,2,5,6,3,,https://apiv3.apifootball.com/badges/149_lech-pozna.jpg,18567,League Phase
UEFA Conference League,europe_club,12,683,UEFA Conference League,2025/2026,Europe,7665,Samsunspor,Promotion - Conference League (Play Offs: 1/16-finals),12,6,3,1,2,10,6,10,17,,3,2,0,1,7,2,6,12,,3,1,1,1,3,4,4,,https://apiv3.apifootball.com/badges/7665_samsunspor.jpg,18567,League Phase
UEFA Conference League,europe_club,12,683,UEFA Conference League,2025/2026,Europe,116,Celje,Promotion - Conference League (Play Offs: 1/16-finals),13,6,3,1,2,8,7,10,11,,3,2,1,0,5,2,7,20,,3,1,0,2,3,5,3,,https://apiv3.apifootball.com/badges/116_celje.jpg,18567,League Phase
UEFA Conference League,europe_club,12,683,UEFA Conference League,2025/2026,Europe,113,AZ Alkmaar,Promotion - Conference League (Play Offs: 1/16-finals),14,6,3,1,2,7,7,10,12,,3,2,1,0,3,0,7,21,,3,1,0,2,4,7,3,,https://apiv3.apifootball.com/badges/113_az.jpg,18567,League Phase
UEFA Conference League,europe_club,12,683,UEFA Conference League,2025/2026,Europe,4974,Fiorentina,Promotion - Conference League (Play Offs: 1/16-finals),15,6,3,0,3,8,5,9,18,,3,2,0,1,4,2,6,14,,3,1,0,2,4,3,3,,https://apiv3.apifootball.com/badges/4974_fiorentina.jpg,18567,League Phase
UEFA Conference League,europe_club,12,683,UEFA Conference League,2025/2026,Europe,154,Rijeka,Promotion - Conference League (Play Offs: 1/16-finals),16,6,2,3,1,5,2,9,10,,3,2,1,0,4,0,7,22,,3,0,2,1,1,2,2,,https://apiv3.apifootball.com/badges/154_rijeka.jpg,18567,League Phase
UEFA Conference League,europe_club,12,683,UEFA Conference League,2025/2026,Europe,5770,Jagiellonia,Promotion - Conference League (Play Offs: 1/16-finals),17,6,2,3,1,5,4,9,21,,3,2,0,1,3,2,6,15,,3,0,3,0,2,2,3,,https://apiv3.apifootball.com/badges/5770_jagiellonia-biaystok.jpg,18567,League Phase
UEFA Conference League,europe_club,12,683,UEFA Conference League,2025/2026,Europe,107,Omonia,Promotion - Conference League (Play Offs: 1/16-finals),18,6,2,2,2,5,4,8,30,,3,1,0,2,2,2,3,7,,3,1,2,0,3,2,5,,https://apiv3.apifootball.com/badges/107_omonia-nicosia.jpg,18567,League Phase
UEFA Conference League,europe_club,12,683,UEFA Conference League,2025/2026,Europe,246,Noah,Promotion - Conference League (Play Offs: 1/16-finals),19,6,2,2,2,6,7,8,19,,3,2,0,1,4,3,6,24,,3,0,2,1,2,4,2,,https://apiv3.apifootball.com/badges/246_noah.jpg,18567,League Phase
UEFA Conference League,europe_club,12,683,UEFA Conference League,2025/2026,Europe,136,Drita,Promotion - Conference League (Play Offs: 1/16-finals),20,6,2,2,2,4,8,8,28,,3,1,1,1,2,4,4,13,,3,1,1,1,2,4,4,,https://apiv3.apifootball.com/badges/136_drita.jpg,18567,League Phase
UEFA Conference League,europe_club,12,683,UEFA Conference League,2025/2026,Europe,180,KuPS,Promotion - Conference League (Play Offs: 1/16-finals),21,6,1,4,1,6,5,7,22,,3,1,2,0,4,2,5,23,,3,0,2,1,2,3,2,,https://apiv3.apifootball.com/badges/180_kups.jpg,18567,League Phase
UEFA Conference League,europe_club,12,683,UEFA Conference League,2025/2026,Europe,191,Shkendija,Promotion - Conference League (Play Offs: 1/16-finals),22,6,2,1,3,4,5,7,14,,3,2,1,0,4,1,7,30,,3,0,0,3,0,4,0,,https://apiv3.apifootball.com/badges/191_shkendija.jpg,18567,League Phase
UEFA Conference League,europe_club,12,683,UEFA Conference League,2025/2026,Europe,195,Zrinjski,Promotion - Conference League (Play Offs: 1/16-finals),23,6,2,1,3,8,10,7,6,,3,2,1,0,8,2,7,35,,3,0,0,3,0,8,0,,https://apiv3.apifootball.com/badges/195_zrinjski.jpg,18567,League Phase
UEFA Conference League,europe_club,12,683,UEFA Conference League,2025/2026,Europe,2636,Sigma Olomouc,Promotion - Conference League (Play Offs: 1/16-finals),24,6,2,1,3,7,9,7,26,,3,1,1,1,4,4,4,18,,3,1,0,2,3,5,3,,https://apiv3.apifootball.com/badges/2636_sigma-olomouc.jpg,18567,League Phase
UEFA Conference League,europe_club,12,683,UEFA Conference League,2025/2026,Europe,6187,Univ. Craiova,,25,6,2,1,3,6,8,7,27,,3,1,1,1,3,3,4,19,,3,1,0,2,3,5,3,,https://apiv3.apifootball.com/badges/6187_universitatea-craiova.jpg,18567,League Phase
UEFA Conference League,europe_club,12,683,UEFA Conference League,2025/2026,Europe,209,Lincoln Red Imps,,26,6,2,1,3,7,15,7,15,,3,2,1,0,5,3,7,36,,3,0,0,3,2,12,0,,https://apiv3.apifootball.com/badges/209_lincoln-red-imps.jpg,18567,League Phase
UEFA Conference League,europe_club,12,683,UEFA Conference League,2025/2026,Europe,98,Dyn. Kyiv,,27,6,2,0,4,9,9,6,16,,3,2,0,1,8,2,6,32,,3,0,0,3,1,7,0,,https://apiv3.apifootball.com/badges/98_dynamo-kyiv.jpg,18567,League Phase
UEFA Conference League,europe_club,12,683,UEFA Conference League,2025/2026,Europe,122,Legia,,28,6,2,0,4,8,8,6,29,,3,1,0,2,4,3,3,17,,3,1,0,2,4,5,3,,https://apiv3.apifootball.com/badges/122_legia-warszawa.jpg,18567,League Phase
UEFA Conference League,europe_club,12,683,UEFA Conference League,2025/2026,Europe,6565,Slovan Bratislava,,29,6,2,0,4,5,9,6,20,,3,2,0,1,4,3,6,31,,3,0,0,3,1,6,0,,https://apiv3.apifootball.com/badges/6565_slovan-bratislava.jpg,18567,League Phase
UEFA Conference League,europe_club,12,683,UEFA Conference League,2025/2026,Europe,4694,Breidablik,,30,6,1,2,3,6,11,5,23,,3,1,2,0,5,3,5,34,,3,0,0,3,1,8,0,,https://apiv3.apifootball.com/badges/4694_breidablik.jpg,18567,League Phase
UEFA Conference League,europe_club,12,683,UEFA Conference League,2025/2026,Europe,226,Shamrock Rovers,,31,6,1,1,4,7,13,4,31,,3,1,0,2,4,5,3,27,,3,0,1,2,3,8,1,,https://apiv3.apifootball.com/badges/226_shamrock-rovers.jpg,18567,League Phase
UEFA Conference League,europe_club,12,683,UEFA Conference League,2025/2026,Europe,7348,Hacken,,32,6,0,3,3,5,8,3,33,,3,0,2,1,4,5,2,25,,3,0,1,2,1,3,1,,https://apiv3.apifootball.com/badges/7348_hacken.jpg,18567,League Phase
UEFA Conference League,europe_club,12,683,UEFA Conference League,2025/2026,Europe,5334,Hamrun,,33,6,1,0,5,4,11,3,32,,3,1,0,2,3,4,3,33,,3,0,0,3,1,7,0,,https://apiv3.apifootball.com/badges/5334_hamrun-spartans.jpg,18567,League Phase
UEFA Conference League,europe_club,12,683,UEFA Conference League,2025/2026,Europe,4760,Shelbourne,,34,6,0,2,4,0,7,2,35,,3,0,1,2,0,4,1,26,,3,0,1,2,0,3,1,,https://apiv3.apifootball.com/badges/4760_shelbourne.jpg,18567,League Phase
UEFA Conference League,europe_club,12,683,UEFA Conference League,2025/2026,Europe,237,Aberdeen,,35,6,0,2,4,3,14,2,34,,3,0,1,2,3,5,1,29,,3,0,1,2,0,9,1,,https://apiv3.apifootball.com/badges/237_aberdeen.jpg,18567,League Phase
UEFA Conference League,europe_club,12,683,UEFA Conference League,2025/2026,Europe,118,SK Rapid,,36,6,0,1,5,3,14,1,36,,3,0,0,3,0,5,0,28,,3,0,1,2,3,9,1,,https://apiv3.apifootball.com/badges/118_rapid.jpg,18567,League Phase
Premier League,top5,20,152,Premier League,2025/2026,England,141,Arsenal,Promotion - Champions League (League phase),1,38,26,7,5,71,27,85,1,,19,15,2,2,41,11,47,1,,19,11,5,3,30,16,38,,https://apiv3.apifootball.com/badges/141_arsenal-fc.jpg,6,Current
Premier League,top5,20,152,Premier League,2025/2026,England,80,Manchester City,Promotion - Champions League (League phase),2,38,23,9,6,77,35,78,2,,19,14,3,2,45,14,45,2,,19,9,6,4,32,21,33,,https://apiv3.apifootball.com/badges/80_manchester-city.jpg,6,Current
Premier League,top5,20,152,Premier League,2025/2026,England,102,Manchester Utd,Promotion - Champions League (League phase),3,38,20,11,7,69,50,71,3,,19,13,3,3,39,24,42,3,,19,7,8,4,30,26,29,,https://apiv3.apifootball.com/badges/102_manchester-united.jpg,6,Current
Premier League,top5,20,152,Premier League,2025/2026,England,3088,Aston Villa,Promotion - Champions League (League phase),4,38,19,8,11,56,49,65,4,,19,12,2,5,32,22,38,4,,19,7,6,6,24,27,27,,https://apiv3.apifootball.com/badges/3088_aston-villa.jpg,6,Current
Premier League,top5,20,152,Premier League,2025/2026,England,84,Liverpool,Promotion - Champions League (League phase),5,38,17,9,12,63,53,60,5,,19,10,6,3,34,20,36,10,,19,7,3,9,29,33,24,,https://apiv3.apifootball.com/badges/84_liverpool.jpg,6,Current
Premier League,top5,20,152,Premier League,2025/2026,England,3071,Bournemouth,Promotion - Europa League (League phase),6,38,13,18,7,58,54,57,12,,19,7,10,2,29,20,31,8,,19,6,8,5,29,34,26,,https://apiv3.apifootball.com/badges/3071_afc-bournemouth.jpg,6,Current
Premier League,top5,20,152,Premier League,2025/2026,England,3111,Sunderland,Promotion - Europa League (League phase),7,38,14,12,12,42,48,54,8,,19,9,6,4,25,20,33,13,,19,5,6,8,17,28,21,,https://apiv3.apifootball.com/badges/3111_sunderland.jpg,6,Current
Premier League,top5,20,152,Premier League,2025/2026,England,3079,Brighton,Promotion - Conference League (Qualification),8,38,14,11,13,52,46,53,7,,19,9,6,4,30,20,33,14,,19,5,5,9,22,26,20,,https://apiv3.apifootball.com/badges/3079_brighton--hove-albion.jpg,6,Current
Premier League,top5,20,152,Premier League,2025/2026,England,3086,Brentford,,9,38,14,11,13,55,52,53,9,,19,8,8,3,33,21,32,12,,19,6,3,10,22,31,21,,https://apiv3.apifootball.com/badges/3086_brentford.jpg,6,Current
Premier League,top5,20,152,Premier League,2025/2026,England,88,Chelsea,,10,38,14,10,14,58,52,52,13,,19,7,5,7,26,25,26,5,,19,7,5,7,32,27,26,,https://apiv3.apifootball.com/badges/88_chelsea.jpg,6,Current
Premier League,top5,20,152,Premier League,2025/2026,England,3085,Fulham,,11,38,15,7,16,47,51,52,6,,19,11,2,6,30,20,35,16,,19,4,5,10,17,31,17,,https://apiv3.apifootball.com/badges/3085_fulham.jpg,6,Current
Premier League,top5,20,152,Premier League,2025/2026,England,3100,Newcastle,,12,38,14,7,17,53,55,49,11,,19,10,2,7,36,30,32,15,,19,4,5,10,17,25,17,,https://apiv3.apifootball.com/badges/3100_newcastle-united.jpg,6,Current
Premier League,top5,20,152,Premier League,2025/2026,England,3073,Everton,,13,38,13,10,15,47,50,49,14,,19,6,5,8,26,27,23,7,,19,7,5,7,21,23,26,,https://apiv3.apifootball.com/badges/3073_everton.jpg,6,Current
Premier League,top5,20,152,Premier League,2025/2026,England,3103,Leeds,,14,38,11,14,13,49,56,47,10,,19,9,5,5,29,21,32,18,,19,2,9,8,20,35,15,,https://apiv3.apifootball.com/badges/3103_leeds-united.jpg,6,Current
Premier League,top5,20,152,Premier League,2025/2026,England,3429,Crystal Palace,,15,38,11,12,15,41,51,45,16,,19,4,9,6,19,23,21,11,,19,7,3,9,22,28,24,,https://apiv3.apifootball.com/badges/3429_crystal-palace.jpg,6,Current
Premier League,top5,20,152,Premier League,2025/2026,England,3089,Nottingham,,16,38,11,11,16,48,51,44,17,,19,4,8,7,20,23,20,9,,19,7,3,9,28,28,24,,https://apiv3.apifootball.com/badges/3089_nottingham-forest.jpg,6,Current
Premier League,top5,20,152,Premier League,2025/2026,England,164,Tottenham,,17,38,10,11,17,48,57,41,18,,19,3,6,10,22,31,15,6,,19,7,5,7,26,26,26,,https://apiv3.apifootball.com/badges/164_tottenham-hotspur.jpg,6,Current
Premier League,top5,20,152,Premier League,2025/2026,England,3081,West Ham,Relegation - Championship,18,38,10,9,19,46,65,39,15,,19,6,4,9,27,30,22,17,,19,4,5,10,19,35,17,,https://apiv3.apifootball.com/badges/3081_west-ham-united.jpg,6,Current
Premier League,top5,20,152,Premier League,2025/2026,England,3075,Burnley,Relegation - Championship,19,38,4,10,24,38,75,22,20,,19,2,7,10,18,29,13,19,,19,2,3,14,20,46,9,,https://apiv3.apifootball.com/badges/3075_burnley.jpg,6,Current
Premier League,top5,20,152,Premier League,2025/2026,England,3077,Wolves,Relegation - Championship,20,38,3,11,24,27,68,20,19,,19,3,5,11,19,34,14,20,,19,0,6,13,8,34,6,,https://apiv3.apifootball.com/badges/3077_wolverhampton-wanderers.jpg,6,Current
La Liga,top5,21,302,La Liga,2025/2026,Spain,97,Barcelona,Promotion - Champions League (League phase),1,38,31,1,6,95,36,94,1,,19,19,0,0,57,10,57,2,,19,12,1,6,38,26,37,,https://apiv3.apifootball.com/badges/97_barcelona.jpg,402,Current
La Liga,top5,21,302,La Liga,2025/2026,Spain,76,Real Madrid,Promotion - Champions League (League phase),2,38,27,5,6,77,35,86,2,,19,16,1,2,45,16,49,1,,19,11,4,4,32,19,37,,https://apiv3.apifootball.com/badges/76_real-madrid.jpg,402,Current
La Liga,top5,21,302,La Liga,2025/2026,Spain,162,Villarreal,Promotion - Champions League (League phase),3,38,22,6,10,72,46,72,3,,19,15,1,3,48,19,46,4,,19,7,5,7,24,27,26,,https://apiv3.apifootball.com/badges/162_villarreal.jpg,402,Current
La Liga,top5,21,302,La Liga,2025/2026,Spain,73,Atl. Madrid,Promotion - Champions League (League phase),4,38,21,6,11,62,44,69,4,,19,15,1,3,39,17,46,7,,19,6,5,8,23,27,23,,https://apiv3.apifootball.com/badges/73_atletico-de-madrid.jpg,402,Current
La Liga,top5,21,302,La Liga,2025/2026,Spain,7261,Betis,Promotion - Champions League (League phase),5,38,15,15,8,59,48,60,5,,19,10,6,3,34,19,36,5,,19,5,9,5,25,29,24,,https://apiv3.apifootball.com/badges/7261_real-betis.jpg,402,Current
La Liga,top5,21,302,La Liga,2025/2026,Spain,7290,Celta Vigo,Promotion - Europa League (League phase),6,38,14,12,12,53,48,54,19,,19,6,5,8,29,28,23,3,,19,8,7,4,24,20,31,,https://apiv3.apifootball.com/badges/7290_celta-de-vigo.jpg,402,Current
La Liga,top5,21,302,La Liga,2025/2026,Spain,7288,Getafe,Promotion - Conference League (Qualification),7,38,15,6,17,32,38,51,13,,19,8,3,8,18,16,27,6,,19,7,3,9,14,22,24,,https://apiv3.apifootball.com/badges/7288_getafe.jpg,402,Current
La Liga,top5,21,302,La Liga,2025/2026,Spain,7264,Rayo Vallecano,,8,38,12,14,12,41,44,50,9,,19,7,10,2,24,15,31,9,,19,5,4,10,17,29,19,,https://apiv3.apifootball.com/badges/7264_rayo-vallecano.jpg,402,Current
La Liga,top5,21,302,La Liga,2025/2026,Spain,7272,Valencia,,9,38,13,10,15,46,55,49,10,,19,8,6,5,27,23,30,10,,19,5,4,10,19,32,19,,https://apiv3.apifootball.com/badges/7272_valencia.jpg,402,Current
La Liga,top5,21,302,La Liga,2025/2026,Spain,153,Real Sociedad,Promotion - Europa League (League phase),10,38,11,13,14,59,61,46,12,,19,8,5,6,37,31,29,12,,19,3,8,8,22,30,17,,https://apiv3.apifootball.com/badges/153_real-sociedad.jpg,402,Current
La Liga,top5,21,302,La Liga,2025/2026,Spain,7268,Espanyol,,11,38,12,10,16,43,55,46,16,,19,7,5,7,21,24,26,8,,19,5,5,9,22,31,20,,https://apiv3.apifootball.com/badges/7268_espanyol.jpg,402,Current
La Liga,top5,21,302,La Liga,2025/2026,Spain,7258,Ath Bilbao,,12,38,13,6,19,43,58,45,11,,19,9,3,7,22,21,30,16,,19,4,3,12,21,37,15,,https://apiv3.apifootball.com/badges/7258_athletic-club.jpg,402,Current
La Liga,top5,21,302,La Liga,2025/2026,Spain,89,Sevilla,,13,38,12,7,19,46,60,43,17,,19,7,4,8,24,25,25,11,,19,5,3,11,22,35,18,,https://apiv3.apifootball.com/badges/89_sevilla.jpg,402,Current
La Liga,top5,21,302,La Liga,2025/2026,Spain,7275,Alaves,,14,38,11,10,17,44,56,43,14,,19,7,6,6,25,25,27,14,,19,4,4,11,19,31,16,,https://apiv3.apifootball.com/badges/7275_alaves.jpg,402,Current
La Liga,top5,21,302,La Liga,2025/2026,Spain,7274,Elche,,15,38,10,13,15,49,57,43,6,,19,9,8,2,30,19,35,20,,19,1,5,13,19,38,8,,https://apiv3.apifootball.com/badges/7274_elche.jpg,402,Current
La Liga,top5,21,302,La Liga,2025/2026,Spain,7259,Levante,,16,38,11,9,18,47,61,42,15,,19,7,5,7,26,28,26,15,,19,4,4,11,21,33,16,,https://apiv3.apifootball.com/badges/7259_levante.jpg,402,Current
La Liga,top5,21,302,La Liga,2025/2026,Spain,7269,Osasuna,,17,38,11,9,18,44,50,42,8,,19,9,5,5,31,24,32,17,,19,2,4,13,13,26,10,,https://apiv3.apifootball.com/badges/7269_osasuna.jpg,402,Current
La Liga,top5,21,302,La Liga,2025/2026,Spain,7285,Mallorca,Relegation - LaLiga2,18,38,11,9,18,47,57,42,7,,19,9,6,4,31,21,33,19,,19,2,3,14,16,36,9,,https://apiv3.apifootball.com/badges/7285_mallorca.jpg,402,Current
La Liga,top5,21,302,La Liga,2025/2026,Spain,7263,Girona,Relegation - LaLiga2,19,38,9,14,15,39,55,41,18,,19,6,6,7,21,27,24,13,,19,3,8,8,18,28,17,,https://apiv3.apifootball.com/badges/7263_girona.jpg,402,Current
La Liga,top5,21,302,La Liga,2025/2026,Spain,7282,Oviedo,Relegation - LaLiga2,20,38,6,11,21,26,60,29,20,,19,4,7,8,9,18,19,18,,19,2,4,13,17,42,10,,https://apiv3.apifootball.com/badges/7282_real-oviedo.jpg,402,Current
Serie A,top5,22,207,Serie A,2025/2026,Italy,79,Inter,Promotion - Champions League (League phase),1,38,27,6,5,89,35,87,1,,19,14,3,2,50,16,45,1,,19,13,3,3,39,19,42,,https://apiv3.apifootball.com/badges/79_internazionale.jpg,331,Current
Serie A,top5,22,207,Serie A,2025/2026,Italy,152,Napoli,Promotion - Champions League (League phase),2,38,23,7,8,58,36,76,2,,19,13,4,2,33,18,43,5,,19,10,3,6,25,18,33,,https://apiv3.apifootball.com/badges/152_napoli.jpg,331,Current
Serie A,top5,22,207,Serie A,2025/2026,Italy,139,AS Roma,Promotion - Champions League (League phase),3,38,23,4,11,59,31,73,3,,19,13,3,3,33,10,42,7,,19,10,1,8,26,21,31,,https://apiv3.apifootball.com/badges/139_roma.jpg,331,Current
Serie A,top5,22,207,Serie A,2025/2026,Italy,8239,Como,Promotion - Champions League (League phase),4,38,20,11,7,65,29,71,5,,19,10,6,3,35,15,36,3,,19,10,5,4,30,14,35,,https://apiv3.apifootball.com/badges/8239_como.jpg,331,Current
Serie A,top5,22,207,Serie A,2025/2026,Italy,159,AC Milan,Promotion - Europa League (League phase),5,38,20,10,8,53,35,70,7,,19,9,5,5,25,21,32,2,,19,11,5,3,28,14,38,,https://apiv3.apifootball.com/badges/159_milan.jpg,331,Current
Serie A,top5,22,207,Serie A,2025/2026,Italy,96,Juventus,Promotion - Europa League (League phase),6,38,19,12,7,61,34,69,4,,19,10,7,2,35,16,37,6,,19,9,5,5,26,18,32,,https://apiv3.apifootball.com/badges/96_juventus-fc.jpg,331,Current
Serie A,top5,22,207,Serie A,2025/2026,Italy,85,Atalanta,Promotion - Conference League (Qualification),7,38,15,14,9,51,36,59,6,,19,9,6,4,25,15,33,9,,19,6,8,5,26,21,26,,https://apiv3.apifootball.com/badges/85_atalanta.jpg,331,Current
Serie A,top5,22,207,Serie A,2025/2026,Italy,4983,Bologna,,8,38,16,8,14,49,46,56,13,,19,6,4,9,19,23,22,4,,19,10,4,5,30,23,34,,https://apiv3.apifootball.com/badges/4983_bologna.jpg,331,Current
Serie A,top5,22,207,Serie A,2025/2026,Italy,93,Lazio,,9,38,14,12,12,41,40,54,8,,19,8,6,5,27,25,30,10,,19,6,6,7,14,15,24,,https://apiv3.apifootball.com/badges/93_lazio.jpg,331,Current
Serie A,top5,22,207,Serie A,2025/2026,Italy,4984,Udinese,,10,38,14,8,16,45,48,50,12,,19,6,5,8,18,21,23,8,,19,8,3,8,27,27,27,,https://apiv3.apifootball.com/badges/4984_udinese.jpg,331,Current
Serie A,top5,22,207,Serie A,2025/2026,Italy,4975,Sassuolo,,11,38,14,7,17,46,50,49,9,,19,9,2,8,25,26,29,13,,19,5,5,9,21,24,20,,https://apiv3.apifootball.com/badges/4975_sassuolo.jpg,331,Current
Serie A,top5,22,207,Serie A,2025/2026,Italy,4973,Torino,,12,38,12,9,17,44,63,45,10,,19,8,4,7,27,29,28,18,,19,4,5,10,17,34,17,,https://apiv3.apifootball.com/badges/4973_torino.jpg,331,Current
Serie A,top5,22,207,Serie A,2025/2026,Italy,4978,Parma,,13,38,11,12,15,28,46,45,16,,19,5,6,8,16,25,21,11,,19,6,6,7,12,21,24,,https://apiv3.apifootball.com/badges/4978_parma.jpg,331,Current
Serie A,top5,22,207,Serie A,2025/2026,Italy,4981,Cagliari,,14,38,11,10,17,40,53,43,11,,19,7,4,8,22,23,25,16,,19,4,6,9,18,30,18,,https://apiv3.apifootball.com/badges/4981_cagliari.jpg,331,Current
Serie A,top5,22,207,Serie A,2025/2026,Italy,4974,Fiorentina,,15,38,9,15,14,41,50,42,15,,19,4,9,6,21,21,21,12,,19,5,6,8,20,29,21,,https://apiv3.apifootball.com/badges/4974_fiorentina.jpg,331,Current
Serie A,top5,22,207,Serie A,2025/2026,Italy,4986,Genoa,,16,38,10,11,17,41,51,41,14,,19,6,4,9,22,26,22,14,,19,4,7,8,19,25,19,,https://apiv3.apifootball.com/badges/4986_genoa.jpg,331,Current
Serie A,top5,22,207,Serie A,2025/2026,Italy,5010,Lecce,,17,38,10,8,20,28,50,38,17,,19,5,5,9,13,24,20,15,,19,5,3,11,15,26,18,,https://apiv3.apifootball.com/badges/5010_lecce.jpg,331,Current
Serie A,top5,22,207,Serie A,2025/2026,Italy,4998,Cremonese,Relegation - Serie B,18,38,8,10,20,32,57,34,18,,19,3,7,9,18,29,16,17,,19,5,3,11,14,28,18,,https://apiv3.apifootball.com/badges/4998_cremonese.jpg,331,Current
Serie A,top5,22,207,Serie A,2025/2026,Italy,4982,Verona,Relegation - Serie B,19,38,3,12,23,25,61,21,20,,19,1,5,13,12,28,8,19,,19,2,7,10,13,33,13,,https://apiv3.apifootball.com/badges/4982_hellas-verona.jpg,331,Current
Serie A,top5,22,207,Serie A,2025/2026,Italy,4988,Pisa,Relegation - Serie B,20,38,2,12,24,26,71,18,19,,19,2,4,13,9,26,10,20,,19,0,8,11,17,45,8,,https://apiv3.apifootball.com/badges/4988_pisa.jpg,331,Current
Bundesliga,top5,23,175,Bundesliga,2025/2026,Germany,72,Bayern Munich,Promotion - Champions League (League phase),1,34,28,5,1,122,36,89,1,,17,14,2,1,68,19,44,1,,17,14,3,0,54,17,45,,https://apiv3.apifootball.com/badges/72_bayern-munchen.jpg,304,Regular season
Bundesliga,top5,23,175,Bundesliga,2025/2026,Germany,92,Dortmund,Promotion - Champions League (League phase),2,34,22,7,5,70,34,73,2,,17,13,2,2,40,16,41,2,,17,9,5,3,30,18,32,,https://apiv3.apifootball.com/badges/92_borussia-dortmund.jpg,304,Regular season
Bundesliga,top5,23,175,Bundesliga,2025/2026,Germany,101,RB Leipzig,Promotion - Champions League (League phase),3,34,20,5,9,66,47,65,4,,17,12,2,3,40,20,38,5,,17,8,3,6,26,27,27,,https://apiv3.apifootball.com/badges/101_rb-leipzig.jpg,304,Regular season
Bundesliga,top5,23,175,Bundesliga,2025/2026,Germany,3933,Stuttgart,Promotion - Champions League (League phase),4,34,18,8,8,71,49,62,3,,17,12,3,2,30,16,39,6,,17,6,5,6,41,33,23,,https://apiv3.apifootball.com/badges/3933_stuttgart.jpg,304,Regular season
Bundesliga,top5,23,175,Bundesliga,2025/2026,Germany,170,Hoffenheim,Promotion - Europa League (League phase),5,34,18,7,9,65,52,61,5,,17,10,2,5,35,21,32,3,,17,8,5,4,30,31,29,,https://apiv3.apifootball.com/badges/170_hoffenheim.jpg,304,Regular season
Bundesliga,top5,23,175,Bundesliga,2025/2026,Germany,143,Bayer Leverkusen,Promotion - Europa League (League phase),6,34,17,8,9,68,47,59,7,,17,9,4,4,38,19,31,4,,17,8,4,5,30,28,28,,https://apiv3.apifootball.com/badges/143_bayer-leverkusen.jpg,304,Regular season
Bundesliga,top5,23,175,Bundesliga,2025/2026,Germany,3962,Freiburg,Promotion - Conference League (Qualification),7,34,13,8,13,51,57,47,6,,17,9,5,3,33,22,32,12,,17,4,3,10,18,35,15,,https://apiv3.apifootball.com/badges/3962_freiburg.jpg,304,Regular season
Bundesliga,top5,23,175,Bundesliga,2025/2026,Germany,3945,Eintracht Frankfurt,,8,34,11,11,12,61,65,44,9,,17,7,4,6,29,27,25,8,,17,4,7,6,32,38,19,,https://apiv3.apifootball.com/badges/3945_eintracht-frankfurt.jpg,304,Regular season
Bundesliga,top5,23,175,Bundesliga,2025/2026,Germany,3934,Augsburg,,9,34,12,7,15,45,61,43,8,,17,7,5,5,25,28,26,10,,17,5,2,10,20,33,17,,https://apiv3.apifootball.com/badges/3934_augsburg.jpg,304,Regular season
Bundesliga,top5,23,175,Bundesliga,2025/2026,Germany,3939,Mainz,,10,34,10,10,14,44,53,40,15,,17,4,5,8,21,25,17,7,,17,6,5,6,23,28,23,,https://apiv3.apifootball.com/badges/3939_mainz-05.jpg,304,Regular season
Bundesliga,top5,23,175,Bundesliga,2025/2026,Germany,3936,Union Berlin,,11,34,10,9,15,44,58,39,12,,17,5,7,5,26,26,22,11,,17,5,2,10,18,32,17,,https://apiv3.apifootball.com/badges/3936_union-berlin.jpg,304,Regular season
Bundesliga,top5,23,175,Bundesliga,2025/2026,Germany,77,B. Monchengladbach,,12,34,9,11,14,42,53,38,11,,17,6,6,5,24,24,24,13,,17,3,5,9,18,29,14,,https://apiv3.apifootball.com/badges/77_borussia-mgladbach.jpg,304,Regular season
Bundesliga,top5,23,175,Bundesliga,2025/2026,Germany,3912,Hamburger SV,,13,34,9,11,14,40,54,38,10,,17,6,6,5,25,22,24,14,,17,3,5,9,15,32,14,,https://apiv3.apifootball.com/badges/3912_hamburger-sv.jpg,304,Regular season
Bundesliga,top5,23,175,Bundesliga,2025/2026,Germany,3932,FC Koln,,14,34,7,11,16,49,63,32,13,,17,5,4,8,30,30,19,16,,17,2,7,8,19,33,13,,https://apiv3.apifootball.com/badges/3932_koln.jpg,304,Regular season
Bundesliga,top5,23,175,Bundesliga,2025/2026,Germany,3930,Werder Bremen,,15,34,8,8,18,37,60,32,14,,17,5,4,8,19,31,19,15,,17,3,4,10,18,29,13,,https://apiv3.apifootball.com/badges/3930_werder-bremen.jpg,304,Regular season
Bundesliga,top5,23,175,Bundesliga,2025/2026,Germany,196,Wolfsburg,Bundesliga (Relegation),16,34,7,8,19,45,69,29,18,,17,2,4,11,21,32,10,9,,17,5,4,8,24,37,19,,https://apiv3.apifootball.com/badges/196_wolfsburg.jpg,304,Regular season
Bundesliga,top5,23,175,Bundesliga,2025/2026,Germany,3917,Heidenheim,Relegation - 2. Bundesliga,17,34,6,8,20,41,72,26,16,,17,4,5,8,23,37,17,17,,17,2,3,12,18,35,9,,https://apiv3.apifootball.com/badges/3917_heidenheim.jpg,304,Regular season
Bundesliga,top5,23,175,Bundesliga,2025/2026,Germany,3921,St. Pauli,Relegation - 2. Bundesliga,18,34,6,8,20,29,60,26,17,,17,4,5,8,17,31,17,18,,17,2,3,12,12,29,9,,https://apiv3.apifootball.com/badges/3921_st.-pauli.jpg,304,Regular season
Ligue 1,top5,24,168,Ligue 1,2025/2026,France,100,PSG,Promotion - Champions League (League phase),1,34,24,4,6,74,29,76,2,,17,13,2,2,41,12,41,1,,17,11,2,4,33,17,35,,https://apiv3.apifootball.com/badges/100_psg.jpg,279,Regular season
Ligue 1,top5,24,168,Ligue 1,2025/2026,France,3821,Lens,Promotion - Champions League (League phase),2,34,22,4,8,66,35,70,1,,17,14,0,3,35,13,42,3,,17,8,4,5,31,22,28,,https://apiv3.apifootball.com/badges/3821_lens.jpg,279,Regular season
Ligue 1,top5,24,168,Ligue 1,2025/2026,France,160,Lille,Promotion - Champions League (League phase),3,34,18,7,9,52,37,61,9,,17,8,5,4,24,17,29,2,,17,10,2,5,28,20,32,,https://apiv3.apifootball.com/badges/160_lille.jpg,279,Regular season
Ligue 1,top5,24,168,Ligue 1,2025/2026,France,3815,Lyon,Promotion - Champions League (Qualification),4,34,18,6,10,53,40,60,4,,17,12,1,4,30,18,37,5,,17,6,5,6,23,22,23,,https://apiv3.apifootball.com/badges/3815_olympique-lyonnais.jpg,279,Regular season
Ligue 1,top5,24,168,Ligue 1,2025/2026,France,83,Marseille,Promotion - Europa League (League phase),5,34,18,5,11,63,45,59,3,,17,11,4,2,41,20,37,7,,17,7,1,9,22,25,22,,https://apiv3.apifootball.com/badges/83_olympique-marseille.jpg,279,Regular season
Ligue 1,top5,24,168,Ligue 1,2025/2026,France,91,Rennes,Promotion - Europa League (League phase),6,34,17,8,9,59,50,59,5,,17,10,4,3,30,17,34,4,,17,7,4,6,29,33,25,,https://apiv3.apifootball.com/badges/91_rennes.jpg,279,Regular season
Ligue 1,top5,24,168,Ligue 1,2025/2026,France,3817,Monaco,Promotion - Conference League (Qualification),7,34,16,6,12,60,54,54,6,,17,10,2,5,33,23,32,8,,17,6,4,7,27,31,22,,https://apiv3.apifootball.com/badges/3817_monaco.jpg,279,Regular season
Ligue 1,top5,24,168,Ligue 1,2025/2026,France,3818,Strasbourg,,8,34,15,8,11,58,47,53,7,,17,9,3,5,30,19,30,6,,17,6,5,6,28,28,23,,https://apiv3.apifootball.com/badges/3818_strasbourg.jpg,279,Regular season
Ligue 1,top5,24,168,Ligue 1,2025/2026,France,3814,Lorient,,9,34,11,12,11,48,51,45,8,,17,8,6,3,31,25,30,11,,17,3,6,8,17,26,15,,https://apiv3.apifootball.com/badges/3814_lorient.jpg,279,Regular season
Ligue 1,top5,24,168,Ligue 1,2025/2026,France,3794,Toulouse,,10,33,12,8,13,47,46,44,12,,17,6,6,5,25,24,24,9,,16,6,2,8,22,22,20,,https://apiv3.apifootball.com/badges/3794_toulouse.jpg,279,Regular season
Ligue 1,top5,24,168,Ligue 1,2025/2026,France,3796,Paris FC,,11,34,11,11,12,47,50,44,11,,17,7,4,6,28,27,25,10,,17,4,7,6,19,23,19,,https://apiv3.apifootball.com/badges/3796_paris-fc.jpg,279,Regular season
Ligue 1,top5,24,168,Ligue 1,2025/2026,France,3823,Brest,,12,34,10,9,15,43,55,39,10,,17,7,5,5,28,23,26,12,,17,3,4,10,15,32,13,,https://apiv3.apifootball.com/badges/3823_brest.jpg,279,Regular season
Ligue 1,top5,24,168,Ligue 1,2025/2026,France,3827,Angers,,13,34,9,9,16,29,48,36,14,,17,6,5,6,18,20,23,13,,17,3,4,10,11,28,13,,https://apiv3.apifootball.com/badges/3827_angers-sco.jpg,279,Regular season
Ligue 1,top5,24,168,Ligue 1,2025/2026,France,3804,Le Havre,,14,34,7,14,13,32,44,35,13,,17,5,8,4,20,18,23,15,,17,2,6,9,12,26,12,,https://apiv3.apifootball.com/badges/3804_le-havre.jpg,279,Regular season
Ligue 1,top5,24,168,Ligue 1,2025/2026,France,3797,Auxerre,,15,34,8,10,16,34,44,34,15,,17,6,4,7,18,17,22,14,,17,2,6,9,16,27,12,,https://apiv3.apifootball.com/badges/3797_auxerre.jpg,279,Regular season
Ligue 1,top5,24,168,Ligue 1,2025/2026,France,145,Nice,Ligue 1 (Promotion - Play Offs),16,34,7,11,16,37,60,32,16,,17,4,8,5,19,27,20,16,,17,3,3,11,18,33,12,,https://apiv3.apifootball.com/badges/145_nice.jpg,279,Regular season
Ligue 1,top5,24,168,Ligue 1,2025/2026,France,3820,Nantes,Relegation - Ligue 2,17,33,5,8,20,29,52,23,17,,16,3,3,10,18,27,12,17,,17,2,5,10,11,25,11,,https://apiv3.apifootball.com/badges/3820_nantes.jpg,279,Regular season
Ligue 1,top5,24,168,Ligue 1,2025/2026,France,3822,Metz,Relegation - Ligue 2,18,34,3,8,23,32,76,17,18,,17,2,4,11,15,32,10,18,,17,1,4,12,17,44,7,,https://apiv3.apifootball.com/badges/3822_metz.jpg,279,Regular season
MLS,americas,32,332,MLS,2026,USA,289,Vancouver Whitecaps,Promotion - MLS (Play Offs: 1/8-finals),1,14,10,2,2,34,12,32,1,,8,7,0,1,21,4,21,6,,6,3,2,1,13,8,11,Western Conference,https://apiv3.apifootball.com/badges/289_vancouver-whitecaps-fc.jpg,1718,Regular season
MLS,americas,32,332,MLS,2026,USA,7966,San Jose Earthquakes,Promotion - MLS (Play Offs: 1/8-finals),2,15,10,2,3,34,15,32,9,,7,4,1,2,16,6,13,2,,8,6,1,1,18,9,19,Western Conference,https://apiv3.apifootball.com/badges/7966_sj-earthquakes.jpg,1718,Regular season
MLS,americas,32,332,MLS,2026,USA,290,Real Salt Lake,Promotion - MLS (Play Offs: 1/8-finals),3,14,8,2,4,26,19,26,2,,8,7,0,1,18,8,21,19,,6,1,2,3,8,11,5,Western Conference,https://apiv3.apifootball.com/badges/290_real-salt-lake.jpg,1718,Regular season
MLS,americas,32,332,MLS,2026,USA,7962,FC Dallas,Promotion - MLS (Play Offs: 1/8-finals),4,15,7,4,4,30,22,25,12,,9,3,4,2,18,16,13,5,,6,4,0,2,12,6,12,Western Conference,https://apiv3.apifootball.com/badges/7962_dallas.jpg,1718,Regular season
MLS,americas,32,332,MLS,2026,USA,7964,Los Angeles FC,Promotion - MLS (Play Offs: 1/8-finals),5,15,7,3,5,24,17,24,6,,8,5,1,2,15,8,16,12,,7,2,2,3,9,9,8,Western Conference,https://apiv3.apifootball.com/badges/7964_los-angeles.jpg,1718,Regular season
MLS,americas,32,332,MLS,2026,USA,287,Seattle Sounders,Promotion - MLS (Play Offs: 1/8-finals),6,13,7,3,3,17,11,24,11,,6,4,1,1,12,7,13,8,,7,3,2,2,5,4,11,Western Conference,https://apiv3.apifootball.com/badges/287_seattle-sounders.jpg,1718,Regular season
MLS,americas,32,332,MLS,2026,USA,7963,Houston Dynamo,Promotion - MLS (Play Offs: 1/8-finals),7,14,7,1,6,19,23,22,8,,7,5,0,2,8,6,15,15,,7,2,1,4,11,17,7,Western Conference,https://apiv3.apifootball.com/badges/7963_houston-dynamo.jpg,1718,Regular season
MLS,americas,32,332,MLS,2026,USA,7965,Minnesota United,Promotion - MLS (Play Offs: 1/16-finals),8,15,6,4,5,18,22,22,26,,7,2,3,2,6,5,9,4,,8,4,1,3,12,17,13,Western Conference,https://apiv3.apifootball.com/badges/7965_minnesota-united.jpg,1718,Regular season
MLS,americas,32,332,MLS,2026,USA,281,Los Angeles Galaxy,Promotion - MLS (Play Offs: 1/16-finals),9,15,5,5,5,22,22,20,25,,7,2,3,2,10,8,9,9,,8,3,2,3,12,14,11,Western Conference,https://apiv3.apifootball.com/badges/281_la-galaxy.jpg,1718,Regular season
MLS,americas,32,332,MLS,2026,USA,38680,San Diego FC,,10,15,4,5,6,30,27,17,13,,9,3,3,3,23,15,12,20,,6,1,2,3,7,12,5,Western Conference,https://apiv3.apifootball.com/badges/38680_san-diego.jpg,1718,Regular season
MLS,americas,32,332,MLS,2026,USA,7961,Colorado Rapids,,11,15,5,1,9,25,24,16,23,,6,3,0,3,15,9,9,14,,9,2,1,6,10,15,7,Western Conference,https://apiv3.apifootball.com/badges/7961_colorado-rapids.jpg,1718,Regular season
MLS,americas,32,332,MLS,2026,USA,30449,St. Louis City,,12,14,4,4,6,16,20,16,19,,6,3,1,2,11,7,10,17,,8,1,3,4,5,13,6,Western Conference,https://apiv3.apifootball.com/badges/30449_st.-louis-city.jpg,1718,Regular season
MLS,americas,32,332,MLS,2026,USA,297,Portland Timbers,,13,14,4,2,8,22,28,14,20,,6,3,1,2,14,11,10,25,,8,1,1,6,8,17,4,Western Conference,https://apiv3.apifootball.com/badges/297_portland-timbers.jpg,1718,Regular season
MLS,americas,32,332,MLS,2026,USA,7960,Austin FC,,14,15,3,5,7,19,31,14,15,,7,3,2,2,9,6,11,30,,8,0,3,5,10,25,3,Western Conference,https://apiv3.apifootball.com/badges/7960_austin.jpg,1718,Regular season
MLS,americas,32,332,MLS,2026,USA,7967,Sporting Kansas City,,15,14,3,2,9,14,36,11,29,,7,1,2,4,9,14,5,18,,7,2,0,5,5,22,6,Western Conference,https://apiv3.apifootball.com/badges/7967_sporting-kc.jpg,1718,Regular season
MLS,americas,32,332,MLS,2026,USA,7955,Nashville SC,Promotion - MLS (Play Offs: 1/8-finals),1,14,10,3,1,31,11,33,4,,7,6,1,0,23,9,19,3,,7,4,2,1,8,2,14,Eastern Conference,https://apiv3.apifootball.com/badges/7955_nashville-sc.jpg,1718,Regular season
MLS,americas,32,332,MLS,2026,USA,7953,Inter Miami,Promotion - MLS (Play Offs: 1/8-finals),2,15,9,4,2,39,28,31,24,,6,2,3,1,16,13,9,1,,9,7,1,1,23,15,22,Eastern Conference,https://apiv3.apifootball.com/badges/7953_inter-miami.jpg,1718,Regular season
MLS,americas,32,332,MLS,2026,USA,7951,Chicago Fire,Promotion - MLS (Play Offs: 1/8-finals),3,14,8,2,4,27,16,26,7,,8,5,0,3,16,9,15,7,,6,3,2,1,11,7,11,Eastern Conference,https://apiv3.apifootball.com/badges/7951_chicago-fire.jpg,1718,Regular season
MLS,americas,32,332,MLS,2026,USA,7956,New England Revolution,Promotion - MLS (Play Offs: 1/8-finals),4,14,8,1,5,22,18,25,3,,8,7,0,1,17,7,21,22,,6,1,1,4,5,11,4,Eastern Conference,https://apiv3.apifootball.com/badges/7956_new-england.jpg,1718,Regular season
MLS,americas,32,332,MLS,2026,USA,7958,New York Red Bulls,Promotion - MLS (Play Offs: 1/8-finals),5,15,6,4,5,25,32,22,18,,7,3,2,2,13,14,11,10,,8,3,2,3,12,18,11,Eastern Conference,https://apiv3.apifootball.com/badges/7958_new-york-rb.jpg,1718,Regular season
MLS,americas,32,332,MLS,2026,USA,23878,Charlotte,Promotion - MLS (Play Offs: 1/8-finals),6,15,6,3,6,24,23,21,5,,9,5,2,2,18,9,17,24,,6,1,1,4,6,14,4,Eastern Conference,https://apiv3.apifootball.com/badges/23878_charlotte.jpg,1718,Regular season
MLS,americas,32,332,MLS,2026,USA,7952,FC Cincinnati,Promotion - MLS (Play Offs: 1/8-finals),7,15,5,5,5,36,37,20,10,,7,4,1,2,20,14,13,16,,8,1,4,3,16,23,7,Eastern Conference,https://apiv3.apifootball.com/badges/7952_cincinnati.jpg,1718,Regular season
MLS,americas,32,332,MLS,2026,USA,7957,New York City,Promotion - MLS (Play Offs: 1/16-finals),8,15,5,4,6,25,21,19,14,,8,3,2,3,19,13,11,13,,7,2,2,3,6,8,8,Eastern Conference,https://apiv3.apifootball.com/badges/7957_new-york-city.jpg,1718,Regular season
MLS,americas,32,332,MLS,2026,USA,293,DC United,Promotion - MLS (Play Offs: 1/16-finals),9,15,4,6,5,21,25,18,27,,7,2,2,3,11,16,8,11,,8,2,4,2,10,9,10,Eastern Conference,https://apiv3.apifootball.com/badges/293_dc-united.jpg,1718,Regular season
MLS,americas,32,332,MLS,2026,USA,306,Columbus Crew,,10,15,4,4,7,21,23,16,16,,7,3,2,2,9,6,11,21,,8,1,2,5,12,17,5,Eastern Conference,https://apiv3.apifootball.com/badges/306_columbus-crew.jpg,1718,Regular season
MLS,americas,32,332,MLS,2026,USA,7954,CF Montreal,,11,14,4,2,8,22,31,14,21,,6,3,1,2,10,7,10,27,,8,1,1,6,12,24,4,Eastern Conference,https://apiv3.apifootball.com/badges/7954_montreal.jpg,1718,Regular season
MLS,americas,32,332,MLS,2026,USA,7959,Orlando City,,12,15,4,2,9,23,44,14,22,,7,3,1,3,14,13,10,28,,8,1,1,6,9,31,4,Eastern Conference,https://apiv3.apifootball.com/badges/7959_orlando-city.jpg,1718,Regular season
MLS,americas,32,332,MLS,2026,USA,304,Toronto FC,,13,14,3,5,6,22,29,14,17,,9,2,5,2,17,18,11,29,,5,1,0,4,5,11,3,Eastern Conference,https://apiv3.apifootball.com/badges/304_toronto.jpg,1718,Regular season
MLS,americas,32,332,MLS,2026,USA,299,Atlanta Utd,,14,14,3,2,9,14,23,11,28,,8,2,1,5,11,14,7,23,,6,1,1,4,3,9,4,Eastern Conference,https://apiv3.apifootball.com/badges/299_atlanta-united.jpg,1718,Regular season
MLS,americas,32,332,MLS,2026,USA,302,Philadelphia Union,,15,15,1,4,10,18,30,7,30,,6,0,3,3,3,6,3,26,,9,1,1,7,15,24,4,Eastern Conference,https://apiv3.apifootball.com/badges/302_philadelphia-union.jpg,1718,Regular season
Liga MX,americas,33,235,Liga MX,2025/2026,Mexico,5347,Toluca,Promotion - Liga MX (Apertura - Play Offs: Quarter-finals),1,12,9,1,2,35,16,28,4,,6,4,1,1,19,10,13,1,,6,5,0,1,16,6,15,,https://apiv3.apifootball.com/badges/5347_toluca.jpg,2300,Current
Liga MX,americas,33,235,Liga MX,2025/2026,Mexico,284,Club America,Promotion - Liga MX (Apertura - Play Offs: Quarter-finals),2,12,8,3,1,26,11,27,2,,6,5,0,1,14,4,15,3,,6,3,3,0,12,7,12,,https://apiv3.apifootball.com/badges/284_club-america.jpg,2300,Current
Liga MX,americas,33,235,Liga MX,2025/2026,Mexico,308,Monterrey,Promotion - Liga MX (Apertura - Play Offs: Quarter-finals),3,12,8,2,2,25,19,26,5,,5,4,1,0,12,5,13,2,,7,4,1,2,13,14,13,,https://apiv3.apifootball.com/badges/308_monterrey.jpg,2300,Current
Liga MX,americas,33,235,Liga MX,2025/2026,Mexico,301,Cruz Azul,Promotion - Liga MX (Apertura - Play Offs: Quarter-finals),4,12,7,4,1,22,15,25,3,,6,4,2,0,13,7,14,6,,6,3,2,1,9,8,11,,https://apiv3.apifootball.com/badges/301_cruz-azul.jpg,2300,Current
Liga MX,americas,33,235,Liga MX,2025/2026,Mexico,275,Tigres UANL,Promotion - Liga MX (Apertura - Play Offs: Quarter-finals),5,12,6,5,1,22,10,23,7,,6,3,2,1,12,4,11,4,,6,3,3,0,10,6,12,,https://apiv3.apifootball.com/badges/275_tigres-uanl.jpg,2300,Current
Liga MX,americas,33,235,Liga MX,2025/2026,Mexico,5350,Club Tijuana,Promotion - Liga MX (Apertura - Play Offs: Quarter-finals),6,12,5,5,2,23,13,20,1,,7,4,3,0,17,6,15,10,,5,1,2,2,6,7,5,,https://apiv3.apifootball.com/badges/5350_tijuana.jpg,2300,Current
Liga MX,americas,33,235,Liga MX,2025/2026,Mexico,5352,Pachuca,Promotion - Liga MX (Apertura - Play In: ),7,12,6,2,4,16,13,20,8,,6,3,0,3,6,6,9,5,,6,3,2,1,10,7,11,,https://apiv3.apifootball.com/badges/5352_pachuca.jpg,2300,Current
Liga MX,americas,33,235,Liga MX,2025/2026,Mexico,5357,Juarez,Promotion - Liga MX (Apertura - Play In: ),8,12,5,3,4,16,15,18,6,,6,4,1,1,9,5,13,11,,6,1,2,3,7,10,5,,https://apiv3.apifootball.com/badges/5357_juarez.jpg,2300,Current
Liga MX,americas,33,235,Liga MX,2025/2026,Mexico,5355,Guadalajara Chivas,Promotion - Liga MX (Apertura - Play In: ),9,12,5,2,5,18,18,17,14,,6,2,1,3,9,11,7,7,,6,3,1,2,9,7,10,,https://apiv3.apifootball.com/badges/5355_guadalajara.jpg,2300,Current
Liga MX,americas,33,235,Liga MX,2025/2026,Mexico,5354,UNAM Pumas,Promotion - Liga MX (Apertura - Play In: ),10,12,3,4,5,15,19,13,16,,6,1,3,2,6,7,6,9,,6,2,1,3,9,12,7,,https://apiv3.apifootball.com/badges/5354_pumas-unam.jpg,2300,Current
Liga MX,americas,33,235,Liga MX,2025/2026,Mexico,5348,Atlas,,11,12,3,4,5,21,27,13,13,,6,2,2,2,13,15,8,12,,6,1,2,3,8,12,5,,https://apiv3.apifootball.com/badges/5348_atlas.jpg,2300,Current
Liga MX,americas,33,235,Liga MX,2025/2026,Mexico,303,Club Leon,,12,12,3,3,6,12,22,12,12,,7,2,2,3,10,11,8,14,,5,1,1,3,2,11,4,,https://apiv3.apifootball.com/badges/303_leon.jpg,2300,Current
Liga MX,americas,33,235,Liga MX,2025/2026,Mexico,5351,Mazatlan FC,,13,12,2,5,5,15,21,11,9,,6,2,3,1,10,11,9,15,,6,0,2,4,5,10,2,,https://apiv3.apifootball.com/badges/5351_mazatlan.jpg,2300,Current
Liga MX,americas,33,235,Liga MX,2025/2026,Mexico,278,Queretaro,,14,12,3,2,7,14,21,11,15,,6,2,1,3,9,11,7,13,,6,1,1,4,5,10,4,,https://apiv3.apifootball.com/badges/278_queretaro.jpg,2300,Current
Liga MX,americas,33,235,Liga MX,2025/2026,Mexico,5353,Atl. San Luis,,15,12,3,1,8,17,20,10,18,,5,0,1,4,3,8,1,8,,7,3,0,4,14,12,9,,https://apiv3.apifootball.com/badges/5353_atletico-san-luis.jpg,2300,Current
Liga MX,americas,33,235,Liga MX,2025/2026,Mexico,272,Santos Laguna,,16,12,3,1,8,13,21,10,10,,6,3,0,3,8,9,9,16,,6,0,1,5,5,12,1,,https://apiv3.apifootball.com/badges/272_santos-laguna.jpg,2300,Current
Liga MX,americas,33,235,Liga MX,2025/2026,Mexico,5356,Necaxa,,17,12,2,3,7,11,21,9,11,,6,2,2,2,6,5,8,17,,6,0,1,5,5,16,1,,https://apiv3.apifootball.com/badges/5356_necaxa.jpg,2300,Current
Liga MX,americas,33,235,Liga MX,2025/2026,Mexico,5349,Puebla,,18,12,1,2,9,10,29,5,17,,6,1,1,4,7,13,4,18,,6,0,1,5,3,16,1,,https://apiv3.apifootball.com/badges/5349_puebla.jpg,2300,Current
Liga MX,americas,33,235,Liga MX,2025/2026,Mexico,5347,Toluca,Promotion - Liga MX (Apertura - Play Offs: Quarter-finals),1,17,11,4,2,43,18,37,2,,9,6,2,1,27,12,20,1,,8,5,2,1,16,6,17,,https://apiv3.apifootball.com/badges/5347_toluca.jpg,1286,Apertura
Liga MX,americas,33,235,Liga MX,2025/2026,Mexico,275,Tigres UANL,Promotion - Liga MX (Apertura - Play Offs: Quarter-finals),2,17,10,6,1,35,16,36,3,,9,6,2,1,22,8,20,2,,8,4,4,0,13,8,16,,https://apiv3.apifootball.com/badges/275_tigres-uanl.jpg,1286,Apertura
Liga MX,americas,33,235,Liga MX,2025/2026,Mexico,301,Cruz Azul,Promotion - Liga MX (Apertura - Play Offs: Quarter-finals),3,17,10,5,2,32,20,35,4,,9,6,2,1,19,11,20,3,,8,4,3,1,13,9,15,,https://apiv3.apifootball.com/badges/301_cruz-azul.jpg,1286,Apertura
Liga MX,americas,33,235,Liga MX,2025/2026,Mexico,284,Club America,Promotion - Liga MX (Apertura - Play Offs: Quarter-finals),4,17,10,4,3,33,18,34,1,,8,7,0,1,18,5,21,4,,9,3,4,2,15,13,13,,https://apiv3.apifootball.com/badges/284_club-america.jpg,1286,Apertura
Liga MX,americas,33,235,Liga MX,2025/2026,Mexico,308,Monterrey,Promotion - Liga MX (Apertura - Play Offs: Quarter-finals),5,17,9,4,4,33,29,31,6,,8,5,3,0,18,9,18,7,,9,4,1,4,15,20,13,,https://apiv3.apifootball.com/badges/308_monterrey.jpg,1286,Apertura
Liga MX,americas,33,235,Liga MX,2025/2026,Mexico,5355,Guadalajara Chivas,Promotion - Liga MX (Apertura - Play Offs: Quarter-finals),6,17,9,2,6,29,22,29,8,,9,5,1,3,19,14,16,5,,8,4,1,3,10,8,13,,https://apiv3.apifootball.com/badges/5355_guadalajara.jpg,1286,Apertura
Liga MX,americas,33,235,Liga MX,2025/2026,Mexico,5350,Club Tijuana,Promotion - Liga MX (Apertura - Play In),7,17,6,6,5,29,23,24,5,,9,5,4,0,19,6,19,12,,8,1,2,5,10,17,5,,https://apiv3.apifootball.com/badges/5350_tijuana.jpg,1286,Apertura
Liga MX,americas,33,235,Liga MX,2025/2026,Mexico,5357,Juarez,Promotion - Liga MX (Apertura - Play In),8,17,6,5,6,27,28,23,9,,9,4,3,2,16,13,15,10,,8,2,2,4,11,15,8,,https://apiv3.apifootball.com/badges/5357_juarez.jpg,1286,Apertura
Liga MX,americas,33,235,Liga MX,2025/2026,Mexico,5352,Pachuca,Promotion - Liga MX (Apertura - Play In),9,17,6,4,7,21,21,22,15,,8,3,0,5,7,9,9,6,,9,3,4,2,14,12,13,,https://apiv3.apifootball.com/badges/5352_pachuca.jpg,1286,Apertura
Liga MX,americas,33,235,Liga MX,2025/2026,Mexico,5354,UNAM Pumas,Promotion - Liga MX (Apertura - Play In),10,17,5,6,6,24,25,21,14,,8,2,3,3,10,9,9,9,,9,3,3,3,14,16,12,,https://apiv3.apifootball.com/badges/5354_pumas-unam.jpg,1286,Apertura
Liga MX,americas,33,235,Liga MX,2025/2026,Mexico,272,Santos Laguna,,11,17,6,2,9,22,28,20,7,,9,6,0,3,14,10,18,18,,8,0,2,6,8,18,2,,https://apiv3.apifootball.com/badges/272_santos-laguna.jpg,1286,Apertura
Liga MX,americas,33,235,Liga MX,2025/2026,Mexico,278,Queretaro,,12,17,6,2,9,19,29,20,10,,8,4,1,3,11,11,13,11,,9,2,1,6,8,18,7,,https://apiv3.apifootball.com/badges/278_queretaro.jpg,1286,Apertura
Liga MX,americas,33,235,Liga MX,2025/2026,Mexico,5356,Necaxa,,13,17,4,5,8,24,32,17,11,,8,3,3,2,11,7,12,14,,9,1,2,6,13,25,5,,https://apiv3.apifootball.com/badges/5356_necaxa.jpg,1286,Apertura
Liga MX,americas,33,235,Liga MX,2025/2026,Mexico,5348,Atlas,,14,17,4,5,8,24,35,17,12,,8,3,3,2,15,15,12,13,,9,1,2,6,9,20,5,,https://apiv3.apifootball.com/badges/5348_atlas.jpg,1286,Apertura
Liga MX,americas,33,235,Liga MX,2025/2026,Mexico,5353,Atl. San Luis,,15,17,5,1,11,25,29,16,18,,8,1,1,6,9,14,4,8,,9,4,0,5,16,15,12,,https://apiv3.apifootball.com/badges/5353_atletico-san-luis.jpg,1286,Apertura
Liga MX,americas,33,235,Liga MX,2025/2026,Mexico,5351,Mazatlan FC,,16,17,2,8,7,20,29,14,13,,9,2,6,1,15,16,12,17,,8,0,2,6,5,13,2,,https://apiv3.apifootball.com/badges/5351_mazatlan.jpg,1286,Apertura
Liga MX,americas,33,235,Liga MX,2025/2026,Mexico,303,Club Leon,,17,17,3,4,10,14,31,13,16,,9,2,3,4,12,14,9,16,,8,1,1,6,2,17,4,,https://apiv3.apifootball.com/badges/303_leon.jpg,1286,Apertura
Liga MX,americas,33,235,Liga MX,2025/2026,Mexico,5349,Puebla,,18,17,3,3,11,21,42,12,17,,8,2,1,5,11,19,7,15,,9,1,2,6,10,23,5,,https://apiv3.apifootball.com/badges/5349_puebla.jpg,1286,Apertura
Liga MX,americas,33,235,Liga MX,2025/2026,Mexico,5354,UNAM Pumas,Promotion - Liga MX (Clausura - Play Offs: Quarter-finals),1,17,10,6,1,34,17,36,5,,9,5,3,1,20,10,18,1,,8,5,3,0,14,7,18,,https://apiv3.apifootball.com/badges/5354_pumas-unam.jpg,1284,Clausura
Liga MX,americas,33,235,Liga MX,2025/2026,Mexico,5355,Guadalajara Chivas,Promotion - Liga MX (Clausura - Play Offs: Quarter-finals),2,17,11,3,3,33,17,36,1,,8,6,2,0,20,3,20,2,,9,5,1,3,13,14,16,,https://apiv3.apifootball.com/badges/5355_guadalajara.jpg,1284,Clausura
Liga MX,americas,33,235,Liga MX,2025/2026,Mexico,301,Cruz Azul,Promotion - Liga MX (Clausura - Play Offs: Quarter-finals),3,17,9,6,2,31,18,33,3,,8,6,1,1,16,6,19,3,,9,3,5,1,15,12,14,,https://apiv3.apifootball.com/badges/301_cruz-azul.jpg,1284,Clausura
Liga MX,americas,33,235,Liga MX,2025/2026,Mexico,5352,Pachuca,Promotion - Liga MX (Clausura - Play Offs: Quarter-finals),4,17,9,4,4,25,19,31,2,,9,6,2,1,16,9,20,8,,8,3,2,3,9,10,11,,https://apiv3.apifootball.com/badges/5352_pachuca.jpg,1284,Clausura
Liga MX,americas,33,235,Liga MX,2025/2026,Mexico,5347,Toluca,Promotion - Liga MX (Clausura - Play Offs: Quarter-finals),5,17,8,6,3,28,16,30,4,,8,5,3,0,16,6,18,5,,9,3,3,3,12,10,12,,https://apiv3.apifootball.com/badges/5347_toluca.jpg,1284,Clausura
Liga MX,americas,33,235,Liga MX,2025/2026,Mexico,5348,Atlas,Promotion - Liga MX (Clausura - Play Offs: Quarter-finals),6,17,7,5,5,16,18,26,6,,9,4,4,1,10,7,16,9,,8,3,1,4,6,11,10,,https://apiv3.apifootball.com/badges/5348_atlas.jpg,1284,Clausura
Liga MX,americas,33,235,Liga MX,2025/2026,Mexico,275,Tigres UANL,Promotion - Liga MX (Clausura - Play Offs: Quarter-finals),7,17,7,4,6,28,18,25,8,,8,4,2,2,16,6,14,7,,9,3,2,4,12,12,11,,https://apiv3.apifootball.com/badges/275_tigres-uanl.jpg,1284,Clausura
Liga MX,americas,33,235,Liga MX,2025/2026,Mexico,284,Club America,Promotion - Liga MX (Clausura - Play Offs: Quarter-finals),8,17,7,4,6,20,17,25,10,,9,4,1,4,10,11,13,4,,8,3,3,2,10,6,12,,https://apiv3.apifootball.com/badges/284_club-america.jpg,1284,Clausura
Liga MX,americas,33,235,Liga MX,2025/2026,Mexico,5350,Club Tijuana,,9,17,5,8,4,19,17,23,11,,8,2,5,1,8,6,11,6,,9,3,3,3,11,11,12,,https://apiv3.apifootball.com/badges/5350_tijuana.jpg,1284,Clausura
Liga MX,americas,33,235,Liga MX,2025/2026,Mexico,303,Club Leon,,10,17,7,1,9,22,32,22,7,,8,5,0,3,14,12,15,15,,9,2,1,6,8,20,7,,https://apiv3.apifootball.com/badges/303_leon.jpg,1284,Clausura
Liga MX,americas,33,235,Liga MX,2025/2026,Mexico,278,Queretaro,,11,17,4,8,5,17,21,20,9,,9,3,4,2,12,9,13,14,,8,1,4,3,5,12,7,,https://apiv3.apifootball.com/badges/278_queretaro.jpg,1284,Clausura
Liga MX,americas,33,235,Liga MX,2025/2026,Mexico,5357,Juarez,,12,17,5,4,8,26,32,19,15,,8,3,1,4,14,14,10,10,,9,2,3,4,12,18,9,,https://apiv3.apifootball.com/badges/5357_juarez.jpg,1284,Clausura
Liga MX,americas,33,235,Liga MX,2025/2026,Mexico,308,Monterrey,,13,17,5,3,9,22,24,18,16,,9,3,1,5,13,14,10,11,,8,2,2,4,9,10,8,,https://apiv3.apifootball.com/badges/308_monterrey.jpg,1284,Clausura
Liga MX,americas,33,235,Liga MX,2025/2026,Mexico,5353,Atl. San Luis,,14,17,5,3,9,24,27,18,14,,9,3,1,5,14,12,10,12,,8,2,2,4,10,15,8,,https://apiv3.apifootball.com/badges/5353_atletico-san-luis.jpg,1284,Clausura
Liga MX,americas,33,235,Liga MX,2025/2026,Mexico,5356,Necaxa,,15,17,5,3,9,19,25,18,12,,9,3,2,4,10,10,11,13,,8,2,1,5,9,15,7,,https://apiv3.apifootball.com/badges/5356_necaxa.jpg,1284,Clausura
Liga MX,americas,33,235,Liga MX,2025/2026,Mexico,5351,Mazatlan FC,,16,17,4,3,10,22,37,15,13,,8,3,2,3,14,16,11,17,,9,1,1,7,8,21,4,,https://apiv3.apifootball.com/badges/5351_mazatlan.jpg,1284,Clausura
Liga MX,americas,33,235,Liga MX,2025/2026,Mexico,5349,Puebla,,17,17,3,4,10,13,26,13,17,,9,2,3,4,9,13,9,16,,8,1,1,6,4,13,4,,https://apiv3.apifootball.com/badges/5349_puebla.jpg,1284,Clausura
Liga MX,americas,33,235,Liga MX,2025/2026,Mexico,272,Santos Laguna,,18,17,3,3,11,20,38,12,18,,8,2,2,4,11,12,8,18,,9,1,1,7,9,26,4,,https://apiv3.apifootball.com/badges/272_santos-laguna.jpg,1284,Clausura
Brazil Serie A,americas,34,99,Serie A,2026,Brazil,546,Palmeiras,Promotion - Copa Libertadores (Group Stage),1,17,11,5,1,29,13,38,3,,8,6,2,0,15,6,20,1,,9,5,3,1,14,7,18,,https://apiv3.apifootball.com/badges/546_palmeiras.jpg,700,Current
Brazil Serie A,americas,34,99,Serie A,2026,Brazil,542,Flamengo RJ,Promotion - Copa Libertadores (Group Stage),2,17,10,4,3,31,16,34,5,,8,5,2,1,16,7,17,2,,9,5,2,2,15,9,17,,https://apiv3.apifootball.com/badges/542_flamengo.jpg,700,Current
Brazil Serie A,americas,34,99,Serie A,2026,Brazil,551,Athletico-PR,Promotion - Copa Libertadores (Group Stage),3,18,9,3,6,24,18,30,1,,10,7,2,1,17,6,23,13,,8,2,1,5,7,12,7,,https://apiv3.apifootball.com/badges/551_athletico-paranaense.jpg,700,Current
Brazil Serie A,americas,34,99,Serie A,2026,Brazil,1879,Fluminense,Promotion - Copa Libertadores (Group Stage),4,17,9,3,5,27,22,30,2,,9,7,1,1,17,10,22,9,,8,2,2,4,10,12,8,,https://apiv3.apifootball.com/badges/1879_fluminense.jpg,700,Current
Brazil Serie A,americas,34,99,Serie A,2026,Brazil,2015,Bragantino,Promotion - Copa Libertadores (Qualification),5,17,8,2,7,22,18,26,13,,8,4,1,3,13,8,13,4,,9,4,1,4,9,10,13,,https://apiv3.apifootball.com/badges/2015_rb-bragantino.jpg,700,Current
Brazil Serie A,americas,34,99,Serie A,2026,Brazil,1985,Bahia,Promotion - Copa Sudamericana (Group Stage),6,17,7,5,5,25,23,26,14,,9,3,4,2,14,10,13,5,,8,4,1,3,11,13,13,,https://apiv3.apifootball.com/badges/1985_bahia.jpg,700,Current
Brazil Serie A,americas,34,99,Serie A,2026,Brazil,2019,Coritiba,Promotion - Copa Sudamericana (Group Stage),7,18,7,5,6,24,24,26,15,,8,3,3,2,10,8,12,3,,10,4,2,4,14,16,14,,https://apiv3.apifootball.com/badges/2019_coritiba.jpg,700,Current
Brazil Serie A,americas,34,99,Serie A,2026,Brazil,556,Sao Paulo,Promotion - Copa Sudamericana (Group Stage),8,17,7,4,6,23,19,25,6,,8,5,2,1,14,6,17,10,,9,2,2,5,9,13,8,,https://apiv3.apifootball.com/badges/556_sao-paulo.jpg,700,Current
Brazil Serie A,americas,34,99,Serie A,2026,Brazil,2017,Corinthians,Promotion - Copa Sudamericana (Group Stage),9,18,6,6,6,18,19,24,12,,9,4,2,3,9,8,14,8,,9,2,4,3,9,11,10,,https://apiv3.apifootball.com/badges/2017_corinthians.jpg,700,Current
Brazil Serie A,americas,34,99,Serie A,2026,Brazil,1745,Cruzeiro,Promotion - Copa Sudamericana (Group Stage),10,17,6,5,6,23,27,23,10,,9,4,3,2,15,11,15,11,,8,2,2,4,8,16,8,,https://apiv3.apifootball.com/badges/1745_cruzeiro.jpg,700,Current
Brazil Serie A,americas,34,99,Serie A,2026,Brazil,1875,Botafogo RJ,Promotion - Copa Sudamericana (Group Stage),11,17,6,4,7,31,31,22,17,,7,3,2,2,15,12,11,6,,10,3,2,5,16,19,11,,https://apiv3.apifootball.com/badges/1875_botafogo.jpg,700,Current
Brazil Serie A,americas,34,99,Serie A,2026,Brazil,1748,Vitoria,,12,17,6,4,7,21,25,22,4,,8,6,1,1,14,3,19,19,,9,0,3,6,7,22,3,,https://apiv3.apifootball.com/badges/1748_vitoria.jpg,700,Current
Brazil Serie A,americas,34,99,Serie A,2026,Brazil,1865,Atletico-MG,,13,17,6,3,8,21,23,21,11,,8,4,3,1,13,12,15,14,,9,2,0,7,8,11,6,,https://apiv3.apifootball.com/badges/1865_atletico-mineiro.jpg,700,Current
Brazil Serie A,americas,34,99,Serie A,2026,Brazil,559,Internacional,,14,17,5,6,6,20,19,21,18,,9,3,2,4,11,9,11,7,,8,2,4,2,9,10,10,,https://apiv3.apifootball.com/badges/559_internacional.jpg,700,Current
Brazil Serie A,americas,34,99,Serie A,2026,Brazil,566,Santos,,15,18,5,6,7,26,29,21,8,,10,5,2,3,15,12,17,15,,8,0,4,4,11,17,4,,https://apiv3.apifootball.com/badges/566_santos.jpg,700,Current
Brazil Serie A,americas,34,99,Serie A,2026,Brazil,558,Gremio,,16,18,5,6,7,20,23,21,7,,9,5,2,2,15,11,17,18,,9,0,4,5,5,12,4,,https://apiv3.apifootball.com/badges/558_gremio.jpg,700,Current
Brazil Serie A,americas,34,99,Serie A,2026,Brazil,1877,Vasco,Relegation - Serie B,17,17,5,5,7,22,28,20,9,,9,5,1,3,12,12,16,16,,8,0,4,4,10,16,4,,https://apiv3.apifootball.com/badges/1877_vasco-da-gama.jpg,700,Current
Brazil Serie A,americas,34,99,Serie A,2026,Brazil,1804,Mirassol,Relegation - Serie B,18,17,4,4,9,18,24,16,16,,9,3,3,3,11,11,12,17,,8,1,1,6,7,13,4,,https://apiv3.apifootball.com/badges/1804_mirassol.jpg,700,Current
Brazil Serie A,americas,34,99,Serie A,2026,Brazil,1784,Remo,Relegation - Serie B,19,17,3,6,8,20,29,15,19,,8,1,4,3,10,11,7,12,,9,2,2,5,10,18,8,,https://apiv3.apifootball.com/badges/1784_remo.jpg,700,Current
Brazil Serie A,americas,34,99,Serie A,2026,Brazil,1735,Chapecoense-SC,Relegation - Serie B,20,16,1,6,9,17,32,9,20,,9,1,4,4,13,20,7,20,,7,0,2,5,4,12,2,,https://apiv3.apifootball.com/badges/1735_chapecoense.jpg,700,Current
Argentina Primera División,americas,35,44,Liga Profesional Argentina,2026,Argentina,996,Platense,Promotion - Liga Profesional (Apertura - Play Offs: 1/8-finals),1,2,1,1,0,2,1,4,2,,1,1,0,0,2,1,3,9,,1,0,1,0,0,0,1,,https://apiv3.apifootball.com/badges/996_platense.jpg,2682,Apertura
Argentina Primera División,americas,35,44,Liga Profesional Argentina,2026,Argentina,1001,Lanus,Promotion - Liga Profesional (Apertura - Play Offs: 1/8-finals),2,1,1,0,0,3,2,3,25,,0,0,0,0,0,0,0,1,,1,1,0,0,3,2,3,,https://apiv3.apifootball.com/badges/1001_lanus.jpg,2682,Apertura
Argentina Primera División,americas,35,44,Liga Profesional Argentina,2026,Argentina,1003,Talleres Cordoba,Promotion - Liga Profesional (Apertura - Play Offs: 1/8-finals),3,1,1,0,0,2,1,3,7,,1,1,0,0,2,1,3,23,,0,0,0,0,0,0,0,,https://apiv3.apifootball.com/badges/1003_talleres-de-cordoba.jpg,2682,Apertura
Argentina Primera División,americas,35,44,Liga Profesional Argentina,2026,Argentina,998,Velez Sarsfield,Promotion - Liga Profesional (Apertura - Play Offs: 1/8-finals),4,1,1,0,0,1,0,3,24,,0,0,0,0,0,0,0,2,,1,1,0,0,1,0,3,,https://apiv3.apifootball.com/badges/998_velez-sarsfield.jpg,2682,Apertura
Argentina Primera División,americas,35,44,Liga Profesional Argentina,2026,Argentina,570,Boca Juniors,Promotion - Liga Profesional (Apertura - Play Offs: 1/8-finals),5,1,1,0,0,1,0,3,6,,1,1,0,0,1,0,3,22,,0,0,0,0,0,0,0,,https://apiv3.apifootball.com/badges/570_boca-juniors.jpg,2682,Apertura
Argentina Primera División,americas,35,44,Liga Profesional Argentina,2026,Argentina,925,Gimnasia Mendoza,Promotion - Liga Profesional (Apertura - Play Offs: 1/8-finals),6,1,1,0,0,1,0,3,23,,0,0,0,0,0,0,0,3,,1,1,0,0,1,0,3,,https://apiv3.apifootball.com/badges/925_gimnasia-mendoza.jpg,2682,Apertura
Argentina Primera División,americas,35,44,Liga Profesional Argentina,2026,Argentina,999,Independiente,Promotion - Liga Profesional (Apertura - Play Offs: 1/8-finals),7,1,0,1,0,1,1,1,8,,1,0,1,0,1,1,1,21,,0,0,0,0,0,0,0,,https://apiv3.apifootball.com/badges/999_independiente.jpg,2682,Apertura
Argentina Primera División,americas,35,44,Liga Profesional Argentina,2026,Argentina,989,Estudiantes L.P.,Promotion - Liga Profesional (Apertura - Play Offs: 1/8-finals),8,1,0,1,0,1,1,1,22,,0,0,0,0,0,0,0,6,,1,0,1,0,1,1,1,,https://apiv3.apifootball.com/badges/989_estudiantes.jpg,2682,Apertura
Argentina Primera División,americas,35,44,Liga Profesional Argentina,2026,Argentina,568,Defensa y Justicia,,9,1,0,1,0,0,0,1,21,,0,0,0,0,0,0,0,7,,1,0,1,0,0,0,1,,https://apiv3.apifootball.com/badges/568_defensa-y-justicia.jpg,2682,Apertura
Argentina Primera División,americas,35,44,Liga Profesional Argentina,2026,Argentina,1000,Union de Santa Fe,,10,1,0,1,0,0,0,1,10,,1,0,1,0,0,0,1,20,,0,0,0,0,0,0,0,,https://apiv3.apifootball.com/badges/1000_union.jpg,2682,Apertura
Argentina Primera División,americas,35,44,Liga Profesional Argentina,2026,Argentina,574,San Lorenzo,,11,1,0,0,1,2,3,0,28,,1,0,0,1,2,3,0,19,,0,0,0,0,0,0,0,,https://apiv3.apifootball.com/badges/574_san-lorenzo.jpg,2682,Apertura
Argentina Primera División,americas,35,44,Liga Profesional Argentina,2026,Argentina,1007,Newells Old Boys,,12,1,0,0,1,1,2,0,20,,0,0,0,0,0,0,0,26,,1,0,0,1,1,2,0,,https://apiv3.apifootball.com/badges/1007_newells-old-boys.jpg,2682,Apertura
Argentina Primera División,americas,35,44,Liga Profesional Argentina,2026,Argentina,939,Dep. Riestra,,13,1,0,0,1,0,1,0,19,,0,0,0,0,0,0,0,25,,1,0,0,1,0,1,0,,https://apiv3.apifootball.com/badges/939_deportivo-riestra.jpg,2682,Apertura
Argentina Primera División,americas,35,44,Liga Profesional Argentina,2026,Argentina,990,Central Cordoba,,14,1,0,0,1,0,1,0,27,,1,0,0,1,0,1,0,18,,0,0,0,0,0,0,0,,https://apiv3.apifootball.com/badges/990_central-cordoba-sde.jpg,2682,Apertura
Argentina Primera División,americas,35,44,Liga Profesional Argentina,2026,Argentina,943,Instituto,,15,2,0,0,2,1,3,0,26,,1,0,0,1,0,1,0,24,,1,0,0,1,1,2,0,,https://apiv3.apifootball.com/badges/943_instituto.jpg,2682,Apertura
Argentina Primera División,americas,35,44,Liga Profesional Argentina,2026,Argentina,549,Tigre,Promotion - Liga Profesional (Apertura - Play Offs: 1/8-finals),1,1,1,0,0,2,0,3,1,,1,1,0,0,2,0,3,10,,0,0,0,0,0,0,0,,https://apiv3.apifootball.com/badges/549_tigre.jpg,2682,Apertura
Argentina Primera División,americas,35,44,Liga Profesional Argentina,2026,Argentina,1002,Gimnasia L.P.,Promotion - Liga Profesional (Apertura - Play Offs: 1/8-finals),2,1,1,0,0,2,1,3,3,,1,1,0,0,2,1,3,17,,0,0,0,0,0,0,0,,https://apiv3.apifootball.com/badges/1002_gimnasia-la-plata.jpg,2682,Apertura
Argentina Primera División,americas,35,44,Liga Profesional Argentina,2026,Argentina,927,Belgrano,Promotion - Liga Profesional (Apertura - Play Offs: 1/8-finals),3,1,1,0,0,2,1,3,18,,0,0,0,0,0,0,0,5,,1,1,0,0,2,1,3,,https://apiv3.apifootball.com/badges/927_belgrano.jpg,2682,Apertura
Argentina Primera División,americas,35,44,Liga Profesional Argentina,2026,Argentina,947,Ind. Rivadavia,Promotion - Liga Profesional (Apertura - Play Offs: 1/8-finals),4,1,1,0,0,2,1,3,4,,1,1,0,0,2,1,3,16,,0,0,0,0,0,0,0,,https://apiv3.apifootball.com/badges/947_independiente-rivadavia.jpg,2682,Apertura
Argentina Primera División,americas,35,44,Liga Profesional Argentina,2026,Argentina,995,Argentinos Jrs,Promotion - Liga Profesional (Apertura - Play Offs: 1/8-finals),5,1,1,0,0,1,0,3,5,,1,1,0,0,1,0,3,15,,0,0,0,0,0,0,0,,https://apiv3.apifootball.com/badges/995_argentinos-juniors.jpg,2682,Apertura
Argentina Primera División,americas,35,44,Liga Profesional Argentina,2026,Argentina,554,River Plate,Promotion - Liga Profesional (Apertura - Play Offs: 1/8-finals),6,1,1,0,0,1,0,3,15,,0,0,0,0,0,0,0,4,,1,1,0,0,1,0,3,,https://apiv3.apifootball.com/badges/554_river-plate.jpg,2682,Apertura
Argentina Primera División,americas,35,44,Liga Profesional Argentina,2026,Argentina,991,Banfield,Promotion - Liga Profesional (Apertura - Play Offs: 1/8-finals),7,1,0,1,0,1,1,1,11,,1,0,1,0,1,1,1,14,,0,0,0,0,0,0,0,,https://apiv3.apifootball.com/badges/991_banfield.jpg,2682,Apertura
Argentina Primera División,americas,35,44,Liga Profesional Argentina,2026,Argentina,1004,Huracan,Promotion - Liga Profesional (Apertura - Play Offs: 1/8-finals),8,1,0,1,0,1,1,1,14,,0,0,0,0,0,0,0,8,,1,0,1,0,1,1,1,,https://apiv3.apifootball.com/badges/1004_huracan.jpg,2682,Apertura
Argentina Primera División,americas,35,44,Liga Profesional Argentina,2026,Argentina,993,Aldosivi,,9,1,0,1,0,0,0,1,9,,1,0,1,0,0,0,1,13,,0,0,0,0,0,0,0,,https://apiv3.apifootball.com/badges/993_aldosivi.jpg,2682,Apertura
Argentina Primera División,americas,35,44,Liga Profesional Argentina,2026,Argentina,992,Rosario Central,,10,1,0,0,1,1,2,0,29,,1,0,0,1,1,2,0,12,,0,0,0,0,0,0,0,,https://apiv3.apifootball.com/badges/992_rosario-central.jpg,2682,Apertura
Argentina Primera División,americas,35,44,Liga Profesional Argentina,2026,Argentina,563,Racing Club,,11,1,0,0,1,1,2,0,13,,0,0,0,0,0,0,0,27,,1,0,0,1,1,2,0,,https://apiv3.apifootball.com/badges/563_racing-club.jpg,2682,Apertura
Argentina Primera División,americas,35,44,Liga Profesional Argentina,2026,Argentina,1006,Atl. Tucuman,,12,1,0,0,1,1,2,0,12,,0,0,0,0,0,0,0,28,,1,0,0,1,1,2,0,,https://apiv3.apifootball.com/badges/1006_atletico-tucuman.jpg,2682,Apertura
Argentina Primera División,americas,35,44,Liga Profesional Argentina,2026,Argentina,1005,Sarmiento Junin,,13,1,0,0,1,0,1,0,16,,0,0,0,0,0,0,0,29,,1,0,0,1,0,1,0,,https://apiv3.apifootball.com/badges/1005_sarmiento.jpg,2682,Apertura
Argentina Primera División,americas,35,44,Liga Profesional Argentina,2026,Argentina,945,Barracas Central,,14,1,0,0,1,0,1,0,30,,1,0,0,1,0,1,0,11,,0,0,0,0,0,0,0,,https://apiv3.apifootball.com/badges/945_barracas-central.jpg,2682,Apertura
Argentina Primera División,americas,35,44,Liga Profesional Argentina,2026,Argentina,932,Estudiantes Rio Cuarto,,15,1,0,0,1,0,2,0,17,,0,0,0,0,0,0,0,30,,1,0,0,1,0,2,0,,https://apiv3.apifootball.com/badges/932_estudiantes-rio-cuarto.jpg,2682,Apertura
Argentina Primera División,americas,35,44,Liga Profesional Argentina,2026,Argentina,1007,Newells Old Boys,Promotion - Liga Profesional (Clausura - Play Offs: 1/8-finals),1,0,0,0,0,0,0,0,16,,0,0,0,0,0,0,0,16,,0,0,0,0,0,0,0,,https://apiv3.apifootball.com/badges/1007_newells-old-boys.jpg,2680,Clausura
Argentina Primera División,americas,35,44,Liga Profesional Argentina,2026,Argentina,1001,Lanus,Promotion - Liga Profesional (Clausura - Play Offs: 1/8-finals),2,0,0,0,0,0,0,0,30,,0,0,0,0,0,0,0,30,,0,0,0,0,0,0,0,,https://apiv3.apifootball.com/badges/1001_lanus.jpg,2680,Clausura
Argentina Primera División,americas,35,44,Liga Profesional Argentina,2026,Argentina,998,Velez Sarsfield,Promotion - Liga Profesional (Clausura - Play Offs: 1/8-finals),3,0,0,0,0,0,0,0,29,,0,0,0,0,0,0,0,29,,0,0,0,0,0,0,0,,https://apiv3.apifootball.com/badges/998_velez-sarsfield.jpg,2680,Clausura
Argentina Primera División,americas,35,44,Liga Profesional Argentina,2026,Argentina,574,San Lorenzo,Promotion - Liga Profesional (Clausura - Play Offs: 1/8-finals),4,0,0,0,0,0,0,0,28,,0,0,0,0,0,0,0,28,,0,0,0,0,0,0,0,,https://apiv3.apifootball.com/badges/574_san-lorenzo.jpg,2680,Clausura
Argentina Primera División,americas,35,44,Liga Profesional Argentina,2026,Argentina,999,Independiente,Promotion - Liga Profesional (Clausura - Play Offs: 1/8-finals),5,0,0,0,0,0,0,0,27,,0,0,0,0,0,0,0,27,,0,0,0,0,0,0,0,,https://apiv3.apifootball.com/badges/999_independiente.jpg,2680,Clausura
Argentina Primera División,americas,35,44,Liga Profesional Argentina,2026,Argentina,989,Estudiantes L.P.,Promotion - Liga Profesional (Clausura - Play Offs: 1/8-finals),6,0,0,0,0,0,0,0,26,,0,0,0,0,0,0,0,26,,0,0,0,0,0,0,0,,https://apiv3.apifootball.com/badges/989_estudiantes.jpg,2680,Clausura
Argentina Primera División,americas,35,44,Liga Profesional Argentina,2026,Argentina,570,Boca Juniors,Promotion - Liga Profesional (Clausura - Play Offs: 1/8-finals),7,0,0,0,0,0,0,0,25,,0,0,0,0,0,0,0,25,,0,0,0,0,0,0,0,,https://apiv3.apifootball.com/badges/570_boca-juniors.jpg,2680,Clausura
Argentina Primera División,americas,35,44,Liga Profesional Argentina,2026,Argentina,1000,Union de Santa Fe,Promotion - Liga Profesional (Clausura - Play Offs: 1/8-finals),8,0,0,0,0,0,0,0,24,,0,0,0,0,0,0,0,24,,0,0,0,0,0,0,0,,https://apiv3.apifootball.com/badges/1000_union.jpg,2680,Clausura
Argentina Primera División,americas,35,44,Liga Profesional Argentina,2026,Argentina,1003,Talleres Cordoba,,9,0,0,0,0,0,0,0,23,,0,0,0,0,0,0,0,23,,0,0,0,0,0,0,0,,https://apiv3.apifootball.com/badges/1003_talleres-de-cordoba.jpg,2680,Clausura
Argentina Primera División,americas,35,44,Liga Profesional Argentina,2026,Argentina,568,Defensa y Justicia,,10,0,0,0,0,0,0,0,22,,0,0,0,0,0,0,0,22,,0,0,0,0,0,0,0,,https://apiv3.apifootball.com/badges/568_defensa-y-justicia.jpg,2680,Clausura
Argentina Primera División,americas,35,44,Liga Profesional Argentina,2026,Argentina,943,Instituto,,11,0,0,0,0,0,0,0,21,,0,0,0,0,0,0,0,21,,0,0,0,0,0,0,0,,https://apiv3.apifootball.com/badges/943_instituto.jpg,2680,Clausura
Argentina Primera División,americas,35,44,Liga Profesional Argentina,2026,Argentina,996,Platense,,12,0,0,0,0,0,0,0,20,,0,0,0,0,0,0,0,20,,0,0,0,0,0,0,0,,https://apiv3.apifootball.com/badges/996_platense.jpg,2680,Clausura
Argentina Primera División,americas,35,44,Liga Profesional Argentina,2026,Argentina,939,Dep. Riestra,,13,0,0,0,0,0,0,0,19,,0,0,0,0,0,0,0,19,,0,0,0,0,0,0,0,,https://apiv3.apifootball.com/badges/939_deportivo-riestra.jpg,2680,Clausura
Argentina Primera División,americas,35,44,Liga Profesional Argentina,2026,Argentina,990,Central Cordoba,,14,0,0,0,0,0,0,0,18,,0,0,0,0,0,0,0,18,,0,0,0,0,0,0,0,,https://apiv3.apifootball.com/badges/990_central-cordoba-sde.jpg,2680,Clausura
Argentina Primera División,americas,35,44,Liga Profesional Argentina,2026,Argentina,925,Gimnasia Mendoza,,15,0,0,0,0,0,0,0,17,,0,0,0,0,0,0,0,17,,0,0,0,0,0,0,0,,https://apiv3.apifootball.com/badges/925_gimnasia-mendoza.jpg,2680,Clausura
Argentina Primera División,americas,35,44,Liga Profesional Argentina,2026,Argentina,992,Rosario Central,Promotion - Liga Profesional (Clausura - Play Offs: 1/8-finals),1,0,0,0,0,0,0,0,1,,0,0,0,0,0,0,0,1,,0,0,0,0,0,0,0,,https://apiv3.apifootball.com/badges/992_rosario-central.jpg,2680,Clausura
Argentina Primera División,americas,35,44,Liga Profesional Argentina,2026,Argentina,549,Tigre,Promotion - Liga Profesional (Clausura - Play Offs: 1/8-finals),2,0,0,0,0,0,0,0,15,,0,0,0,0,0,0,0,15,,0,0,0,0,0,0,0,,https://apiv3.apifootball.com/badges/549_tigre.jpg,2680,Clausura
Argentina Primera División,americas,35,44,Liga Profesional Argentina,2026,Argentina,995,Argentinos Jrs,Promotion - Liga Profesional (Clausura - Play Offs: 1/8-finals),3,0,0,0,0,0,0,0,14,,0,0,0,0,0,0,0,14,,0,0,0,0,0,0,0,,https://apiv3.apifootball.com/badges/995_argentinos-juniors.jpg,2680,Clausura
Argentina Primera División,americas,35,44,Liga Profesional Argentina,2026,Argentina,991,Banfield,Promotion - Liga Profesional (Clausura - Play Offs: 1/8-finals),4,0,0,0,0,0,0,0,13,,0,0,0,0,0,0,0,13,,0,0,0,0,0,0,0,,https://apiv3.apifootball.com/badges/991_banfield.jpg,2680,Clausura
Argentina Primera División,americas,35,44,Liga Profesional Argentina,2026,Argentina,1002,Gimnasia L.P.,Promotion - Liga Profesional (Clausura - Play Offs: 1/8-finals),5,0,0,0,0,0,0,0,12,,0,0,0,0,0,0,0,12,,0,0,0,0,0,0,0,,https://apiv3.apifootball.com/badges/1002_gimnasia-la-plata.jpg,2680,Clausura
Argentina Primera División,americas,35,44,Liga Profesional Argentina,2026,Argentina,563,Racing Club,Promotion - Liga Profesional (Clausura - Play Offs: 1/8-finals),6,0,0,0,0,0,0,0,11,,0,0,0,0,0,0,0,11,,0,0,0,0,0,0,0,,https://apiv3.apifootball.com/badges/563_racing-club.jpg,2680,Clausura
Argentina Primera División,americas,35,44,Liga Profesional Argentina,2026,Argentina,1004,Huracan,Promotion - Liga Profesional (Clausura - Play Offs: 1/8-finals),7,0,0,0,0,0,0,0,10,,0,0,0,0,0,0,0,10,,0,0,0,0,0,0,0,,https://apiv3.apifootball.com/badges/1004_huracan.jpg,2680,Clausura
Argentina Primera División,americas,35,44,Liga Profesional Argentina,2026,Argentina,554,River Plate,Promotion - Liga Profesional (Clausura - Play Offs: 1/8-finals),8,0,0,0,0,0,0,0,9,,0,0,0,0,0,0,0,9,,0,0,0,0,0,0,0,,https://apiv3.apifootball.com/badges/554_river-plate.jpg,2680,Clausura
Argentina Primera División,americas,35,44,Liga Profesional Argentina,2026,Argentina,927,Belgrano,,9,0,0,0,0,0,0,0,8,,0,0,0,0,0,0,0,8,,0,0,0,0,0,0,0,,https://apiv3.apifootball.com/badges/927_belgrano.jpg,2680,Clausura
Argentina Primera División,americas,35,44,Liga Profesional Argentina,2026,Argentina,993,Aldosivi,,10,0,0,0,0,0,0,0,7,,0,0,0,0,0,0,0,7,,0,0,0,0,0,0,0,,https://apiv3.apifootball.com/badges/993_aldosivi.jpg,2680,Clausura
Argentina Primera División,americas,35,44,Liga Profesional Argentina,2026,Argentina,1006,Atl. Tucuman,,11,0,0,0,0,0,0,0,6,,0,0,0,0,0,0,0,6,,0,0,0,0,0,0,0,,https://apiv3.apifootball.com/badges/1006_atletico-tucuman.jpg,2680,Clausura
Argentina Primera División,americas,35,44,Liga Profesional Argentina,2026,Argentina,947,Ind. Rivadavia,,12,0,0,0,0,0,0,0,5,,0,0,0,0,0,0,0,5,,0,0,0,0,0,0,0,,https://apiv3.apifootball.com/badges/947_independiente-rivadavia.jpg,2680,Clausura
Argentina Primera División,americas,35,44,Liga Profesional Argentina,2026,Argentina,1005,Sarmiento Junin,,13,0,0,0,0,0,0,0,4,,0,0,0,0,0,0,0,4,,0,0,0,0,0,0,0,,https://apiv3.apifootball.com/badges/1005_sarmiento.jpg,2680,Clausura
Argentina Primera División,americas,35,44,Liga Profesional Argentina,2026,Argentina,945,Barracas Central,,14,0,0,0,0,0,0,0,3,,0,0,0,0,0,0,0,3,,0,0,0,0,0,0,0,,https://apiv3.apifootball.com/badges/945_barracas-central.jpg,2680,Clausura
Argentina Primera División,americas,35,44,Liga Profesional Argentina,2026,Argentina,932,Estudiantes Rio Cuarto,,15,0,0,0,0,0,0,0,2,,0,0,0,0,0,0,0,2,,0,0,0,0,0,0,0,,https://apiv3.apifootball.com/badges/932_estudiantes-rio-cuarto.jpg,2680,Clausura
AFC Champions League Elite,asia,40,727,AFC Champions League,2025/2026,intl,5085,Machida,Promotion - AFC Champions League (Play Offs: 1/8-finals),1,8,5,2,1,15,7,17,11,,4,2,1,1,8,6,7,2,,4,3,1,0,7,1,10,EastA,https://apiv3.apifootball.com/badges/5085_machida-zelvia.jpg,11217,League Stage
AFC Champions League Elite,asia,40,727,AFC Champions League,2025/2026,intl,383,Vissel Kobe,Promotion - AFC Champions League (Play Offs: 1/8-finals),2,8,5,1,2,14,7,16,4,,4,3,1,0,6,2,10,6,,4,2,0,2,8,5,6,EastA,https://apiv3.apifootball.com/badges/383_vissel-kobe.jpg,11217,League Stage
AFC Champions League Elite,asia,40,727,AFC Champions League,2025/2026,intl,5046,Sanfrecce Hiroshima,Promotion - AFC Champions League (Play Offs: 1/8-finals),3,8,4,3,1,10,6,15,5,,4,3,1,0,5,2,10,8,,4,1,2,1,5,4,5,EastA,https://apiv3.apifootball.com/badges/5046_sanfrecce-hiroshima.jpg,11217,League Stage
AFC Champions League Elite,asia,40,727,AFC Champions League,2025/2026,intl,7565,Buriram,Promotion - AFC Champions League (Play Offs: 1/8-finals),4,8,4,2,2,10,8,14,3,,4,3,1,0,8,3,10,13,,4,1,1,2,2,5,4,EastA,https://apiv3.apifootball.com/badges/7565_buriram-united.jpg,11217,League Stage
AFC Champions League Elite,asia,40,727,AFC Champions League,2025/2026,intl,401,Melbourne City,Promotion - AFC Champions League (Play Offs: 1/8-finals),5,8,4,2,2,9,7,14,13,,4,2,1,1,4,3,7,5,,4,2,1,1,5,4,7,EastA,https://apiv3.apifootball.com/badges/401_melbourne-city-fc.jpg,11217,League Stage
AFC Champions League Elite,asia,40,727,AFC Champions League,2025/2026,intl,386,Johor DT,Promotion - AFC Champions League (Play Offs: 1/8-finals),6,8,3,2,3,8,7,11,10,,4,2,2,0,4,1,8,15,,4,1,0,3,4,6,3,EastA,https://apiv3.apifootball.com/badges/386_johor-darul-tazim.jpg,11217,League Stage
AFC Champions League Elite,asia,40,727,AFC Champions League,2025/2026,intl,377,Seoul,Promotion - AFC Champions League (Play Offs: 1/8-finals),7,8,2,4,2,10,9,10,16,,4,1,3,0,6,3,6,12,,4,1,1,2,4,6,4,EastA,https://apiv3.apifootball.com/badges/377_seoul.jpg,11217,League Stage
AFC Champions League Elite,asia,40,727,AFC Champions League,2025/2026,intl,5171,Gangwon,Promotion - AFC Champions League (Play Offs: 1/8-finals),8,8,2,3,3,9,11,9,15,,4,2,1,1,7,7,7,19,,4,0,2,2,2,4,2,EastA,https://apiv3.apifootball.com/badges/5171_gangwon.jpg,11217,League Stage
AFC Champions League Elite,asia,40,727,AFC Champions League,2025/2026,intl,379,Ulsan HD,,9,8,2,3,3,6,8,9,12,,4,2,1,1,4,3,7,20,,4,0,2,2,2,5,2,EastA,https://apiv3.apifootball.com/badges/379_ulsan-hd.jpg,11217,League Stage
AFC Champions League Elite,asia,40,727,AFC Champions League,2025/2026,intl,2236,Chengdu Rongcheng,,10,8,1,3,4,7,11,6,19,,4,1,1,2,2,4,4,18,,4,0,2,2,5,7,2,EastA,https://apiv3.apifootball.com/badges/2236_chengdu-rongcheng.jpg,11217,League Stage
AFC Champions League Elite,asia,40,727,AFC Champions League,2025/2026,intl,381,Shanghai Shenhua,,11,8,1,1,6,5,13,4,18,,4,1,1,2,3,5,4,23,,4,0,0,4,2,8,0,EastA,https://apiv3.apifootball.com/badges/381_shanghai-shenhua.jpg,11217,League Stage
AFC Champions League Elite,asia,40,727,AFC Champions League,2025/2026,intl,2256,Shanghai Port,,12,8,0,4,4,2,11,4,24,,4,0,1,3,1,8,1,14,,4,0,3,1,1,3,3,EastA,https://apiv3.apifootball.com/badges/2256_shanghai-port.jpg,11217,League Stage
AFC Champions League Elite,asia,40,727,AFC Champions League,2025/2026,intl,366,Al Hilal,Promotion - AFC Champions League (Play Offs: 1/8-finals),1,8,7,1,0,17,6,22,1,,4,4,0,0,11,3,12,3,,4,3,1,0,6,3,10,West,https://apiv3.apifootball.com/badges/366_al-hilal-fc.jpg,11217,League Stage
AFC Champions League Elite,asia,40,727,AFC Champions League,2025/2026,intl,359,Al Ahli SC,Promotion - AFC Champions League (Play Offs: 1/8-finals),2,8,5,2,1,21,9,17,7,,4,3,0,1,12,6,9,4,,4,2,2,0,9,3,8,West,https://apiv3.apifootball.com/badges/359_al-ahli.jpg,11217,League Stage
AFC Champions League Elite,asia,40,727,AFC Champions League,2025/2026,intl,414,Tractor,Promotion - AFC Champions League (Play Offs: 1/8-finals),3,8,5,2,1,12,4,17,14,,4,2,1,1,3,3,7,1,,4,3,1,0,9,1,10,West,https://apiv3.apifootball.com/badges/414_tractor.jpg,11217,League Stage
AFC Champions League Elite,asia,40,727,AFC Champions League,2025/2026,intl,6328,Al Ittihad,Promotion - AFC Champions League (Play Offs: 1/8-finals),4,8,5,0,3,22,9,15,6,,4,3,0,1,11,1,9,7,,4,2,0,2,11,8,6,West,https://apiv3.apifootball.com/badges/6328_al-ittihad.jpg,11217,League Stage
AFC Champions League Elite,asia,40,727,AFC Champions League,2025/2026,intl,362,Al Wahda,Promotion - AFC Champions League (Play Offs: 1/8-finals),5,8,4,2,2,11,7,14,2,,4,3,1,0,8,3,10,10,,4,1,1,2,3,4,4,West,https://apiv3.apifootball.com/badges/362_al-wehda.jpg,11217,League Stage
AFC Champions League Elite,asia,40,727,AFC Champions League,2025/2026,intl,364,Shabab Al-Ahli Dubai,Promotion - AFC Champions League (Play Offs: 1/8-finals),6,8,3,2,3,14,14,11,9,,4,2,2,0,7,2,8,17,,4,1,0,3,7,12,3,West,https://apiv3.apifootball.com/badges/364_shabab-al-ahli.jpg,11217,League Stage
AFC Champions League Elite,asia,40,727,AFC Champions League,2025/2026,intl,369,Al-Duhail,Promotion - AFC Champions League (Play Offs: 1/8-finals),7,8,2,2,4,16,16,8,8,,4,2,2,0,11,6,8,22,,4,0,0,4,5,10,0,West,https://apiv3.apifootball.com/badges/369_al-duhail.jpg,11217,League Stage
AFC Champions League Elite,asia,40,727,AFC Champions League,2025/2026,intl,372,Al-Sadd,Promotion - AFC Champions League (Play Offs: 1/8-finals),8,8,2,2,4,12,16,8,20,,4,1,1,2,7,9,4,11,,4,1,1,2,5,7,4,West,https://apiv3.apifootball.com/badges/372_al-sadd.jpg,11217,League Stage
AFC Champions League Elite,asia,40,727,AFC Champions League,2025/2026,intl,370,Al Sharjah,,9,8,2,2,4,8,16,8,22,,4,1,0,3,5,11,3,9,,4,1,2,1,3,5,5,West,https://apiv3.apifootball.com/badges/370_sharjah.jpg,11217,League Stage
AFC Champions League Elite,asia,40,727,AFC Champions League,2025/2026,intl,391,Al-Gharafa,,10,8,2,0,6,7,21,6,17,,4,2,0,2,4,4,6,24,,4,0,0,4,3,17,0,West,https://apiv3.apifootball.com/badges/391_al-gharafa.jpg,11217,League Stage
AFC Champions League Elite,asia,40,727,AFC Champions League,2025/2026,intl,361,Al Shorta,,11,8,1,2,5,6,20,5,21,,4,1,1,2,5,12,4,21,,4,0,1,3,1,8,1,West,https://apiv3.apifootball.com/badges/361_al-shorta.jpg,11217,League Stage
AFC Champions League Elite,asia,40,727,AFC Champions League,2025/2026,intl,8002,Nasaf Qarshi,,12,8,1,1,6,9,17,4,23,,4,0,1,3,4,7,1,16,,4,1,0,3,5,10,3,West,https://apiv3.apifootball.com/badges/8002_nasaf.jpg,11217,League Stage
J1 League,asia,42,209,J1 League,2026,Japan,5053,Kashima Antlers,Promotion - J1 League (Play Offs),1,18,15,0,3,31,11,45,1,,9,9,0,0,15,2,27,4,,9,6,0,3,16,9,18,,https://apiv3.apifootball.com/badges/5053_kashima-antlers.jpg,1179,Current
J1 League,asia,42,209,J1 League,2026,Japan,380,FC Tokyo,Promotion - J1 League (Placement Play Offs: 3rd place),2,18,13,0,5,32,18,37,11,,9,6,0,3,16,11,18,1,,9,7,0,2,16,7,21,,https://apiv3.apifootball.com/badges/380_tokyo.jpg,1179,Current
J1 League,asia,42,209,J1 League,2026,Japan,5085,Machida,Promotion - J1 League (Placement Play Offs: 5th place),3,18,13,0,5,28,22,37,3,,9,7,0,2,12,10,21,6,,9,6,0,3,16,12,18,,https://apiv3.apifootball.com/badges/5085_machida-zelvia.jpg,1179,Current
J1 League,asia,42,209,J1 League,2026,Japan,417,Kawasaki Frontale,Promotion - J1 League (Placement Play Offs: 7th place),4,18,10,0,8,26,28,28,18,,9,6,0,3,17,18,18,19,,9,4,0,5,9,10,12,,https://apiv3.apifootball.com/badges/417_kawasaki-frontale.jpg,1179,Current
J1 League,asia,42,209,J1 League,2026,Japan,5088,Verdy,Promotion - J1 League (Placement Play Offs: 9th place),5,18,10,0,8,22,26,28,5,,9,7,0,2,12,12,21,29,,9,3,0,6,10,14,9,,https://apiv3.apifootball.com/badges/5088_tokyo-verdy.jpg,1179,Current
J1 League,asia,42,209,J1 League,2026,Japan,5051,Urawa Reds,Promotion - J1 League (Placement Play Offs: 11th place),6,18,7,0,11,25,22,25,35,,9,3,0,6,13,13,9,13,,9,4,0,5,12,9,12,,https://apiv3.apifootball.com/badges/5051_urawa-reds.jpg,1179,Current
J1 League,asia,42,209,J1 League,2026,Japan,387,Yokohama F. Marinos,Promotion - J1 League (Placement Play Offs: 13th place),7,18,6,0,12,28,31,20,38,,9,2,0,7,11,17,6,16,,9,4,0,5,17,14,12,,https://apiv3.apifootball.com/badges/387_yokohama-f.-marinos.jpg,1179,Current
J1 League,asia,42,209,J1 League,2026,Japan,5055,Kashiwa Reysol,Promotion - J1 League (Placement Play Offs: 15th place),8,18,7,0,11,22,24,20,30,,9,4,0,5,13,10,12,32,,9,3,0,6,9,14,9,,https://apiv3.apifootball.com/badges/5055_kashiwa-reysol.jpg,1179,Current
J1 League,asia,42,209,J1 League,2026,Japan,5081,Mito,Promotion - J1 League (Placement Play Offs: 17th place),9,18,6,0,12,23,39,18,32,,9,4,0,5,12,15,12,38,,9,2,0,7,11,24,6,,https://apiv3.apifootball.com/badges/5081_mito-hollyhock.jpg,1179,Current
J1 League,asia,42,209,J1 League,2026,Japan,5086,Chiba,Promotion - J1 League (Placement Play Offs: 19th place),10,18,3,0,15,18,34,12,40,,9,2,0,7,9,17,6,40,,9,1,0,8,9,17,3,,https://apiv3.apifootball.com/badges/5086_jef-united.jpg,1179,Current
J1 League,asia,42,209,J1 League,2026,Japan,383,Vissel Kobe,Promotion - J1 League (Play Offs),1,18,11,0,7,29,25,35,15,,9,6,0,3,14,11,18,8,,9,5,0,4,15,14,15,,https://apiv3.apifootball.com/badges/383_vissel-kobe.jpg,1179,Current
J1 League,asia,42,209,J1 League,2026,Japan,5045,Cerezo Osaka,Promotion - J1 League (Placement Play Offs: 3rd place),2,18,11,0,7,30,21,31,8,,9,6,0,3,19,10,18,11,,9,5,0,4,11,11,15,,https://apiv3.apifootball.com/badges/5045_cerezo-osaka.jpg,1179,Current
J1 League,asia,42,209,J1 League,2026,Japan,415,Nagoya Grampus,Promotion - J1 League (Placement Play Offs: 5th place),3,18,10,0,8,33,31,31,13,,9,6,0,3,16,12,18,21,,9,4,0,5,17,19,12,,https://apiv3.apifootball.com/badges/415_nagoya-grampus.jpg,1179,Current
J1 League,asia,42,209,J1 League,2026,Japan,5046,Sanfrecce Hiroshima,Promotion - J1 League (Placement Play Offs: 7th place),4,18,10,0,8,31,23,30,10,,9,6,0,3,16,10,18,17,,9,4,0,5,15,13,12,,https://apiv3.apifootball.com/badges/5046_sanfrecce-hiroshima.jpg,1179,Current
J1 League,asia,42,209,J1 League,2026,Japan,411,Gamba Osaka,Promotion - J1 League (Placement Play Offs: 9th place),5,18,10,0,8,31,25,28,19,,9,5,0,4,17,11,15,12,,9,5,0,4,14,14,15,,https://apiv3.apifootball.com/badges/411_gamba-osaka.jpg,1179,Current
J1 League,asia,42,209,J1 League,2026,Japan,5084,Okayama,Promotion - J1 League (Placement Play Offs: 11th place),6,18,8,0,10,26,29,26,23,,9,5,0,4,12,11,15,30,,9,3,0,6,14,18,9,,https://apiv3.apifootball.com/badges/5084_fagiano-okayama.jpg,1179,Current
J1 League,asia,42,209,J1 League,2026,Japan,5047,Shimizu S-Pulse,Promotion - J1 League (Placement Play Offs: 13th place),7,18,8,0,10,23,25,24,24,,9,5,0,4,13,12,15,23,,9,3,0,6,10,13,9,,https://apiv3.apifootball.com/badges/5047_shimizu-s-pulse.jpg,1179,Current
J1 League,asia,42,209,J1 League,2026,Japan,5078,Kyoto,Promotion - J1 League (Placement Play Offs: 15th place),8,18,8,0,10,22,28,23,21,,9,5,0,4,15,13,15,34,,9,3,0,6,7,15,9,,https://apiv3.apifootball.com/badges/5078_kyoto-sanga.jpg,1179,Current
J1 League,asia,42,209,J1 League,2026,Japan,5089,V-Varen Nagasaki,Promotion - J1 League (Placement Play Offs: 17th place),9,18,7,0,11,21,29,21,34,,9,4,0,5,11,15,12,26,,9,3,0,6,10,14,9,,https://apiv3.apifootball.com/badges/5089_v-varen-nagasaki.jpg,1179,Current
J1 League,asia,42,209,J1 League,2026,Japan,5048,Avispa Fukuoka,Promotion - J1 League (Placement Play Offs: 19th place),10,18,7,0,11,21,31,21,28,,9,5,0,4,13,16,15,35,,9,2,0,7,8,15,6,,https://apiv3.apifootball.com/badges/5048_avispa-fukuoka.jpg,1179,Current
J1 League,asia,42,209,J1 League,2026,Japan,5053,Kashima Antlers,Promotion - J1 League (Play Offs),1,18,15,0,3,31,11,45,2,,9,9,0,0,15,2,27,3,,9,6,0,3,16,9,18,East,https://apiv3.apifootball.com/badges/5053_kashima-antlers.jpg,1179,Current
J1 League,asia,42,209,J1 League,2026,Japan,380,FC Tokyo,Promotion - J1 League (Placement Play Offs: 3rd place),2,18,13,0,5,32,18,37,12,,9,6,0,3,16,11,18,2,,9,7,0,2,16,7,21,East,https://apiv3.apifootball.com/badges/380_tokyo.jpg,1179,Current
J1 League,asia,42,209,J1 League,2026,Japan,5085,Machida,Promotion - J1 League (Placement Play Offs: 5th place),3,18,13,0,5,28,22,37,4,,9,7,0,2,12,10,21,5,,9,6,0,3,16,12,18,East,https://apiv3.apifootball.com/badges/5085_machida-zelvia.jpg,1179,Current
J1 League,asia,42,209,J1 League,2026,Japan,417,Kawasaki Frontale,Promotion - J1 League (Placement Play Offs: 7th place),4,18,10,0,8,26,28,28,17,,9,6,0,3,17,18,18,20,,9,4,0,5,9,10,12,East,https://apiv3.apifootball.com/badges/417_kawasaki-frontale.jpg,1179,Current
J1 League,asia,42,209,J1 League,2026,Japan,5088,Verdy,Promotion - J1 League (Placement Play Offs: 9th place),5,18,10,0,8,22,26,28,6,,9,7,0,2,12,12,21,27,,9,3,0,6,10,14,9,East,https://apiv3.apifootball.com/badges/5088_tokyo-verdy.jpg,1179,Current
J1 League,asia,42,209,J1 League,2026,Japan,5051,Urawa Reds,Promotion - J1 League (Placement Play Offs: 11th place),6,18,7,0,11,25,22,25,36,,9,3,0,6,13,13,9,15,,9,4,0,5,12,9,12,East,https://apiv3.apifootball.com/badges/5051_urawa-reds.jpg,1179,Current
J1 League,asia,42,209,J1 League,2026,Japan,387,Yokohama F. Marinos,Promotion - J1 League (Placement Play Offs: 13th place),7,18,6,0,12,28,31,20,37,,9,2,0,7,11,17,6,14,,9,4,0,5,17,14,12,East,https://apiv3.apifootball.com/badges/387_yokohama-f.-marinos.jpg,1179,Current
J1 League,asia,42,209,J1 League,2026,Japan,5055,Kashiwa Reysol,Promotion - J1 League (Placement Play Offs: 15th place),8,18,7,0,11,22,24,20,29,,9,4,0,5,13,10,12,31,,9,3,0,6,9,14,9,East,https://apiv3.apifootball.com/badges/5055_kashiwa-reysol.jpg,1179,Current
J1 League,asia,42,209,J1 League,2026,Japan,5081,Mito,Promotion - J1 League (Placement Play Offs: 17th place),9,18,6,0,12,23,39,18,31,,9,4,0,5,12,15,12,37,,9,2,0,7,11,24,6,East,https://apiv3.apifootball.com/badges/5081_mito-hollyhock.jpg,1179,Current
J1 League,asia,42,209,J1 League,2026,Japan,5086,Chiba,Promotion - J1 League (Placement Play Offs: 19th place),10,18,3,0,15,18,34,12,39,,9,2,0,7,9,17,6,39,,9,1,0,8,9,17,3,East,https://apiv3.apifootball.com/badges/5086_jef-united.jpg,1179,Current
J1 League,asia,42,209,J1 League,2026,Japan,383,Vissel Kobe,Promotion - J1 League (Play Offs),1,18,11,0,7,29,25,35,16,,9,6,0,3,14,11,18,7,,9,5,0,4,15,14,15,West,https://apiv3.apifootball.com/badges/383_vissel-kobe.jpg,1179,Current
J1 League,asia,42,209,J1 League,2026,Japan,5045,Cerezo Osaka,Promotion - J1 League (Placement Play Offs: 3rd place),2,18,11,0,7,30,21,31,7,,9,6,0,3,19,10,18,10,,9,5,0,4,11,11,15,West,https://apiv3.apifootball.com/badges/5045_cerezo-osaka.jpg,1179,Current
J1 League,asia,42,209,J1 League,2026,Japan,415,Nagoya Grampus,Promotion - J1 League (Placement Play Offs: 5th place),3,18,10,0,8,33,31,31,14,,9,6,0,3,16,12,18,22,,9,4,0,5,17,19,12,West,https://apiv3.apifootball.com/badges/415_nagoya-grampus.jpg,1179,Current
J1 League,asia,42,209,J1 League,2026,Japan,5046,Sanfrecce Hiroshima,Promotion - J1 League (Placement Play Offs: 7th place),4,18,10,0,8,31,23,30,9,,9,6,0,3,16,10,18,18,,9,4,0,5,15,13,12,West,https://apiv3.apifootball.com/badges/5046_sanfrecce-hiroshima.jpg,1179,Current
J1 League,asia,42,209,J1 League,2026,Japan,411,Gamba Osaka,Promotion - J1 League (Placement Play Offs: 9th place),5,18,10,0,8,31,25,28,20,,9,5,0,4,17,11,15,9,,9,5,0,4,14,14,15,West,https://apiv3.apifootball.com/badges/411_gamba-osaka.jpg,1179,Current
J1 League,asia,42,209,J1 League,2026,Japan,5084,Okayama,Promotion - J1 League (Placement Play Offs: 11th place),6,18,8,0,10,26,29,26,26,,9,5,0,4,12,11,15,28,,9,3,0,6,14,18,9,West,https://apiv3.apifootball.com/badges/5084_fagiano-okayama.jpg,1179,Current
J1 League,asia,42,209,J1 League,2026,Japan,5047,Shimizu S-Pulse,Promotion - J1 League (Placement Play Offs: 13th place),7,18,8,0,10,23,25,24,25,,9,5,0,4,13,12,15,24,,9,3,0,6,10,13,9,West,https://apiv3.apifootball.com/badges/5047_shimizu-s-pulse.jpg,1179,Current
J1 League,asia,42,209,J1 League,2026,Japan,5078,Kyoto,Promotion - J1 League (Placement Play Offs: 15th place),8,18,8,0,10,22,28,23,22,,9,5,0,4,15,13,15,33,,9,3,0,6,7,15,9,West,https://apiv3.apifootball.com/badges/5078_kyoto-sanga.jpg,1179,Current
J1 League,asia,42,209,J1 League,2026,Japan,5089,V-Varen Nagasaki,Promotion - J1 League (Placement Play Offs: 17th place),9,18,7,0,11,21,29,21,33,,9,4,0,5,11,15,12,25,,9,3,0,6,10,14,9,West,https://apiv3.apifootball.com/badges/5089_v-varen-nagasaki.jpg,1179,Current
J1 League,asia,42,209,J1 League,2026,Japan,5048,Avispa Fukuoka,Promotion - J1 League (Placement Play Offs: 19th place),10,18,7,0,11,21,31,21,27,,9,5,0,4,13,16,15,36,,9,2,0,7,8,15,6,West,https://apiv3.apifootball.com/badges/5048_avispa-fukuoka.jpg,1179,Current
K League 1,asia,43,219,K League 1,2026,Korea Republic,377,Seoul,Promotion - K League 1 (Championship Group),1,15,10,2,3,27,12,32,5,,6,3,1,2,11,4,10,1,,9,7,1,1,16,8,22,,https://apiv3.apifootball.com/badges/377_seoul.jpg,1208,Current
K League 1,asia,43,219,K League 1,2026,Korea Republic,379,Ulsan HD,Promotion - K League 1 (Championship Group),2,15,8,2,5,22,20,26,3,,8,4,1,3,13,12,13,4,,7,4,1,2,9,8,13,,https://apiv3.apifootball.com/badges/379_ulsan-hd.jpg,1208,Current
K League 1,asia,43,219,K League 1,2026,Korea Republic,389,Jeonbuk,Promotion - K League 1 (Championship Group),3,15,7,5,3,21,12,26,1,,7,5,0,2,15,8,15,7,,8,2,5,1,6,4,11,,https://apiv3.apifootball.com/badges/389_jeonbuk-motors.jpg,1208,Current
K League 1,asia,43,219,K League 1,2026,Korea Republic,5171,Gangwon,Promotion - K League 1 (Championship Group),4,15,6,6,3,19,10,24,2,,8,3,4,1,12,6,13,6,,7,3,2,2,7,4,11,,https://apiv3.apifootball.com/badges/5171_gangwon.jpg,1208,Current
K League 1,asia,43,219,K League 1,2026,Korea Republic,396,Pohang,Promotion - K League 1 (Championship Group),5,15,6,4,5,12,12,22,4,,8,3,2,3,4,5,11,8,,7,3,2,2,8,7,11,,https://apiv3.apifootball.com/badges/396_pohang-steelers.jpg,1208,Current
K League 1,asia,43,219,K League 1,2026,Korea Republic,5170,Incheon,Promotion - K League 1 (Championship Group),6,15,6,3,6,21,17,21,6,,8,3,0,5,10,10,9,5,,7,3,3,1,11,7,12,,https://apiv3.apifootball.com/badges/5170_incheon-united.jpg,1208,Current
K League 1,asia,43,219,K League 1,2026,Korea Republic,5166,Anyang,K League 1 (Relegation Group),7,15,4,8,3,19,16,20,8,,7,1,4,2,7,8,7,3,,8,3,4,1,12,8,13,,https://apiv3.apifootball.com/badges/5166_anyang.jpg,1208,Current
K League 1,asia,43,219,K League 1,2026,Korea Republic,5169,Jeju SK,K League 1 (Relegation Group),8,15,5,3,7,13,16,18,7,,8,2,2,4,6,10,8,9,,7,3,1,3,7,6,10,,https://apiv3.apifootball.com/badges/5169_jeju-fc.jpg,1208,Current
K League 1,asia,43,219,K League 1,2026,Korea Republic,5163,Bucheon FC 1995,K League 1 (Relegation Group),9,15,4,5,6,11,15,17,9,,8,1,4,3,6,8,7,11,,7,3,1,3,5,7,10,,https://apiv3.apifootball.com/badges/5163_bucheon-1995.jpg,1208,Current
K League 1,asia,43,219,K League 1,2026,Korea Republic,5160,Daejeon,K League 1 (Relegation Group),10,15,4,4,7,17,16,16,12,,8,0,3,5,3,10,3,2,,7,4,1,2,14,6,13,,https://apiv3.apifootball.com/badges/5160_daejeon-hana-citizen.jpg,1208,Current
K League 1,asia,43,219,K League 1,2026,Korea Republic,5165,Gimcheon Sangmu,K League 1 (Relegation Group),11,15,2,8,5,15,21,14,11,,7,0,4,3,5,12,4,10,,8,2,4,2,10,9,10,,https://apiv3.apifootball.com/badges/5165_gimcheon-sangmu.jpg,1208,Current
K League 1,asia,43,219,K League 1,2026,Korea Republic,5172,Gwangju FC,K League 1 (Relegation Group),12,15,1,4,10,7,37,7,10,,7,1,2,4,5,14,5,12,,8,0,2,6,2,23,2,,https://apiv3.apifootball.com/badges/5172_gwangju.jpg,1208,Current
Chinese Super League,asia,44,118,Chinese Super League,2026,China PR,2236,Chengdu Rongcheng,Promotion - AFC Champions League (League phase),1,15,12,1,2,33,13,37,1,,8,7,0,1,21,4,21,1,,7,5,1,1,12,9,16,,https://apiv3.apifootball.com/badges/2236_chengdu-rongcheng.jpg,806,Current
Chinese Super League,asia,44,118,Chinese Super League,2026,China PR,31512,Chongqing Tonglianglong,Promotion - AFC Champions League 2,2,14,6,6,2,17,13,24,5,,7,3,4,0,10,6,13,2,,7,3,2,2,7,7,11,,https://apiv3.apifootball.com/badges/31512_chongqing-tonglianglong.jpg,806,Current
Chinese Super League,asia,44,118,Chinese Super League,2026,China PR,31510,Dalian Yingbo,,3,14,7,1,6,21,24,22,3,,7,5,0,2,12,7,15,11,,7,2,1,4,9,17,7,,https://apiv3.apifootball.com/badges/31510_dalian-yingbo.jpg,806,Current
Chinese Super League,asia,44,118,Chinese Super League,2026,China PR,31511,Yunnan Yukun,,4,14,6,2,6,26,23,20,10,,7,3,1,3,14,12,10,4,,7,3,1,3,12,11,10,,https://apiv3.apifootball.com/badges/31511_yunnan-yukun.jpg,806,Current
Chinese Super League,asia,44,118,Chinese Super League,2026,China PR,2251,Shandong Taishan,,5,15,7,3,5,25,25,18,2,,8,4,3,1,18,10,15,10,,7,3,0,4,7,15,9,,https://apiv3.apifootball.com/badges/2251_shandong-taishan.jpg,806,Current
Chinese Super League,asia,44,118,Chinese Super League,2026,China PR,19588,Qingdao West Coast,,6,15,3,9,3,17,23,18,13,,7,1,6,0,7,6,9,9,,8,2,3,3,10,17,9,,https://apiv3.apifootball.com/badges/19588_qingdao-west-coast.jpg,806,Current
Chinese Super League,asia,44,118,Chinese Super League,2026,China PR,2234,Zhejiang Professional,,7,15,6,4,5,20,23,17,9,,8,3,3,2,10,10,12,5,,7,3,1,3,10,13,10,,https://apiv3.apifootball.com/badges/2234_zhejiang.jpg,806,Current
Chinese Super League,asia,44,118,Chinese Super League,2026,China PR,2242,Liaoning Tieren,,8,15,5,2,8,20,23,17,8,,7,4,0,3,11,8,12,13,,8,1,2,5,9,15,5,,https://apiv3.apifootball.com/badges/2242_liaoning-tieren.jpg,806,Current
Chinese Super League,asia,44,118,Chinese Super League,2026,China PR,2255,Henan Songshan Longmen,,9,15,6,3,6,16,18,15,12,,7,3,1,3,8,8,10,3,,8,3,2,3,8,10,11,,https://apiv3.apifootball.com/badges/2255_henan.jpg,806,Current
Chinese Super League,asia,44,118,Chinese Super League,2026,China PR,2241,Shenzhen Xinpengcheng,,10,14,4,2,8,17,23,14,11,,7,3,1,3,12,10,10,16,,7,1,1,5,5,13,4,,https://apiv3.apifootball.com/badges/2241_shenzhen-peng-city.jpg,806,Current
Chinese Super League,asia,44,118,Chinese Super League,2026,China PR,381,Shanghai Shenhua,,11,15,6,5,4,29,24,13,4,,8,4,2,2,18,13,14,8,,7,2,3,2,11,11,9,,https://apiv3.apifootball.com/badges/381_shanghai-shenhua.jpg,806,Current
Chinese Super League,asia,44,118,Chinese Super League,2026,China PR,375,Beijing Guoan,,12,14,4,5,5,23,21,12,14,,7,2,2,3,14,13,8,6,,7,2,3,2,9,8,9,,https://apiv3.apifootball.com/badges/375_beijing-guoan.jpg,806,Current
Chinese Super League,asia,44,118,Chinese Super League,2026,China PR,2256,Shanghai Port,,13,15,4,5,6,23,21,12,7,,8,3,3,2,16,10,12,12,,7,1,2,4,7,11,5,,https://apiv3.apifootball.com/badges/2256_shanghai-port.jpg,806,Current
Chinese Super League,asia,44,118,Chinese Super League,2026,China PR,13465,Qingdao Hainiu,,14,14,5,2,7,20,22,10,6,,7,4,1,2,12,8,13,15,,7,1,1,5,8,14,4,,https://apiv3.apifootball.com/badges/13465_qingdao-hainiu.jpg,806,Current
Chinese Super League,asia,44,118,Chinese Super League,2026,China PR,11814,Wuhan Three Towns,Relegation - League One,15,14,2,6,6,21,29,7,15,,6,2,1,3,9,9,7,14,,8,0,5,3,12,20,5,,https://apiv3.apifootball.com/badges/11814_wuhan-three-towns.jpg,806,Current
Chinese Super League,asia,44,118,Chinese Super League,2026,China PR,2262,Tianjin Jinmen Tiger,Relegation - League One,16,14,2,6,6,18,21,2,16,,7,0,3,4,8,12,3,7,,7,2,3,2,10,9,9,,https://apiv3.apifootball.com/badges/2262_tianjin-jinmen-tiger.jpg,806,Current
